[14760516ms] [INFO] %cDownload the React DevTools for a better development experience: https://react.dev/link/react-devtools font-weight:bold @ http://localhost:3000/_next/static/chunks/01.s_next_dist_09bvr7k._.js:2431
[14760647ms] [LOG] [HMR] connected @ http://localhost:3000/_next/static/chunks/01.s_next_dist_09bvr7k._.js:2431
[14762139ms] [LOG] [Fast Refresh] rebuilding @ http://localhost:3000/_next/static/chunks/01.s_next_dist_09bvr7k._.js:2431
[14763274ms] [LOG] [Fast Refresh] done in 1241ms @ http://localhost:3000/_next/static/chunks/01.s_next_dist_09bvr7k._.js:2431
[14763377ms] [LOG] [Fast Refresh] rebuilding @ http://localhost:3000/_next/static/chunks/01.s_next_dist_09bvr7k._.js:2431
[14764223ms] [LOG] [Fast Refresh] done in 947ms @ http://localhost:3000/_next/static/chunks/01.s_next_dist_09bvr7k._.js:2431
[14764344ms] [LOG] [Fast Refresh] rebuilding @ http://localhost:3000/_next/static/chunks/01.s_next_dist_09bvr7k._.js:2431
[14764478ms] [LOG] [Fast Refresh] done in 241ms @ http://localhost:3000/_next/static/chunks/01.s_next_dist_09bvr7k._.js:2431
[14765884ms] [LOG] [Fast Refresh] rebuilding @ http://localhost:3000/_next/static/chunks/01.s_next_dist_09bvr7k._.js:2431
[14766207ms] [LOG] [Fast Refresh] done in 428ms @ http://localhost:3000/_next/static/chunks/01.s_next_dist_09bvr7k._.js:2431
[14766660ms] [LOG] [Fast Refresh] rebuilding @ http://localhost:3000/_next/static/chunks/01.s_next_dist_09bvr7k._.js:2431
[14766715ms] [LOG] [Fast Refresh] done in 165ms @ http://localhost:3000/_next/static/chunks/01.s_next_dist_09bvr7k._.js:2431
[14766939ms] [LOG] [Fast Refresh] rebuilding @ http://localhost:3000/_next/static/chunks/01.s_next_dist_09bvr7k._.js:2431
[14767189ms] [LOG] [Fast Refresh] done in 354ms @ http://localhost:3000/_next/static/chunks/01.s_next_dist_09bvr7k._.js:2431
[14793745ms] [LOG] [Fast Refresh] rebuilding @ http://localhost:3000/_next/static/chunks/01.s_next_dist_09bvr7k._.js:2431
[14793763ms] [LOG] [Fast Refresh] done in 128ms @ http://localhost:3000/_next/static/chunks/01.s_next_dist_09bvr7k._.js:2431
[14831109ms] [LOG] [Fast Refresh] rebuilding @ http://localhost:3000/_next/static/chunks/01.s_next_dist_09bvr7k._.js:2431
[14831816ms] [LOG] [Fast Refresh] done in 809ms @ http://localhost:3000/_next/static/chunks/01.s_next_dist_09bvr7k._.js:2431
[14831947ms] [LOG] [Fast Refresh] rebuilding @ http://localhost:3000/_next/static/chunks/01.s_next_dist_09bvr7k._.js:2431
[14832928ms] [LOG] [Fast Refresh] done in 1092ms @ http://localhost:3000/_next/static/chunks/01.s_next_dist_09bvr7k._.js:2431
[14833173ms] [LOG] [Fast Refresh] rebuilding @ http://localhost:3000/_next/static/chunks/01.s_next_dist_09bvr7k._.js:2431
[14833676ms] [LOG] [Fast Refresh] done in 612ms @ http://localhost:3000/_next/static/chunks/01.s_next_dist_09bvr7k._.js:2431
[14861924ms] [LOG] [Fast Refresh] rebuilding @ http://localhost:3000/_next/static/chunks/01.s_next_dist_09bvr7k._.js:2431
[14862207ms] [LOG] [Fast Refresh] done in 394ms @ http://localhost:3000/_next/static/chunks/01.s_next_dist_09bvr7k._.js:2431
[14863643ms] [LOG] [Fast Refresh] rebuilding @ http://localhost:3000/_next/static/chunks/01.s_next_dist_09bvr7k._.js:2431
[14863881ms] [LOG] [Fast Refresh] done in 344ms @ http://localhost:3000/_next/static/chunks/01.s_next_dist_09bvr7k._.js:2431
[15140447ms] [LOG] [Fast Refresh] rebuilding @ http://localhost:3000/_next/static/chunks/01.s_next_dist_09bvr7k._.js:2431
[15140973ms] [LOG] [Fast Refresh] done in 628ms @ http://localhost:3000/_next/static/chunks/01.s_next_dist_09bvr7k._.js:2431
[15141109ms] [LOG] [Fast Refresh] rebuilding @ http://localhost:3000/_next/static/chunks/01.s_next_dist_09bvr7k._.js:2431
[15141883ms] [LOG] [Fast Refresh] done in 884ms @ http://localhost:3000/_next/static/chunks/01.s_next_dist_09bvr7k._.js:2431
[15142097ms] [LOG] [Fast Refresh] rebuilding @ http://localhost:3000/_next/static/chunks/01.s_next_dist_09bvr7k._.js:2431
[15142566ms] [LOG] [Fast Refresh] done in 570ms @ http://localhost:3000/_next/static/chunks/01.s_next_dist_09bvr7k._.js:2431
[15149572ms] [LOG] [Fast Refresh] rebuilding @ http://localhost:3000/_next/static/chunks/01.s_next_dist_09bvr7k._.js:2431
[15150049ms] [LOG] [Fast Refresh] done in 578ms @ http://localhost:3000/_next/static/chunks/01.s_next_dist_09bvr7k._.js:2431
[15150197ms] [LOG] [Fast Refresh] rebuilding @ http://localhost:3000/_next/static/chunks/01.s_next_dist_09bvr7k._.js:2431
[15150640ms] [LOG] [Fast Refresh] done in 554ms @ http://localhost:3000/_next/static/chunks/01.s_next_dist_09bvr7k._.js:2431
[15150780ms] [LOG] [Fast Refresh] rebuilding @ http://localhost:3000/_next/static/chunks/01.s_next_dist_09bvr7k._.js:2431
[15150926ms] [LOG] [Fast Refresh] done in 253ms @ http://localhost:3000/_next/static/chunks/01.s_next_dist_09bvr7k._.js:2431
[15151030ms] [LOG] [Fast Refresh] rebuilding @ http://localhost:3000/_next/static/chunks/01.s_next_dist_09bvr7k._.js:2431
[15151163ms] [LOG] [Fast Refresh] done in 235ms @ http://localhost:3000/_next/static/chunks/01.s_next_dist_09bvr7k._.js:2431
[15156773ms] [LOG] [Fast Refresh] rebuilding @ http://localhost:3000/_next/static/chunks/01.s_next_dist_09bvr7k._.js:2431
[15157254ms] [LOG] [Fast Refresh] done in 581ms @ http://localhost:3000/_next/static/chunks/01.s_next_dist_09bvr7k._.js:2431
[15157380ms] [LOG] [Fast Refresh] rebuilding @ http://localhost:3000/_next/static/chunks/01.s_next_dist_09bvr7k._.js:2431
[15157806ms] [LOG] [Fast Refresh] done in 530ms @ http://localhost:3000/_next/static/chunks/01.s_next_dist_09bvr7k._.js:2431
[15157961ms] [LOG] [Fast Refresh] rebuilding @ http://localhost:3000/_next/static/chunks/01.s_next_dist_09bvr7k._.js:2431
[15158357ms] [LOG] [Fast Refresh] done in 508ms @ http://localhost:3000/_next/static/chunks/01.s_next_dist_09bvr7k._.js:2431
[15162577ms] [LOG] [Fast Refresh] rebuilding @ http://localhost:3000/_next/static/chunks/01.s_next_dist_09bvr7k._.js:2431
[15163075ms] [LOG] [Fast Refresh] done in 601ms @ http://localhost:3000/_next/static/chunks/01.s_next_dist_09bvr7k._.js:2431
[15163192ms] [LOG] [Fast Refresh] rebuilding @ http://localhost:3000/_next/static/chunks/01.s_next_dist_09bvr7k._.js:2431
[15163639ms] [LOG] [Fast Refresh] done in 552ms @ http://localhost:3000/_next/static/chunks/01.s_next_dist_09bvr7k._.js:2431
[15295329ms] [LOG] [Fast Refresh] rebuilding @ http://localhost:3000/_next/static/chunks/01.s_next_dist_09bvr7k._.js:2431
[15296079ms] [LOG] [Fast Refresh] done in 854ms @ http://localhost:3000/_next/static/chunks/01.s_next_dist_09bvr7k._.js:2431
[15296196ms] [LOG] [Fast Refresh] rebuilding @ http://localhost:3000/_next/static/chunks/01.s_next_dist_09bvr7k._.js:2431
[15296853ms] [LOG] [Fast Refresh] done in 762ms @ http://localhost:3000/_next/static/chunks/01.s_next_dist_09bvr7k._.js:2431
[15297014ms] [LOG] [Fast Refresh] rebuilding @ http://localhost:3000/_next/static/chunks/01.s_next_dist_09bvr7k._.js:2431
[15297746ms] [LOG] [Fast Refresh] done in 837ms @ http://localhost:3000/_next/static/chunks/01.s_next_dist_09bvr7k._.js:2431
[15304039ms] [LOG] [Fast Refresh] rebuilding @ http://localhost:3000/_next/static/chunks/01.s_next_dist_09bvr7k._.js:2431
[15304296ms] [LOG] [Fast Refresh] done in 360ms @ http://localhost:3000/_next/static/chunks/01.s_next_dist_09bvr7k._.js:2431
[15304398ms] [LOG] [Fast Refresh] rebuilding @ http://localhost:3000/_next/static/chunks/01.s_next_dist_09bvr7k._.js:2431
[15305523ms] [LOG] [Fast Refresh] done in 1223ms @ http://localhost:3000/_next/static/chunks/01.s_next_dist_09bvr7k._.js:2431
[15305698ms] [LOG] [Fast Refresh] rebuilding @ http://localhost:3000/_next/static/chunks/01.s_next_dist_09bvr7k._.js:2431
[15306541ms] [LOG] [Fast Refresh] done in 951ms @ http://localhost:3000/_next/static/chunks/01.s_next_dist_09bvr7k._.js:2431
[15306662ms] [LOG] [Fast Refresh] rebuilding @ http://localhost:3000/_next/static/chunks/01.s_next_dist_09bvr7k._.js:2431
[15307090ms] [LOG] [Fast Refresh] done in 532ms @ http://localhost:3000/_next/static/chunks/01.s_next_dist_09bvr7k._.js:2431
[15307714ms] [LOG] [Fast Refresh] rebuilding @ http://localhost:3000/_next/static/chunks/01.s_next_dist_09bvr7k._.js:2431
[15307984ms] [LOG] [Fast Refresh] done in 373ms @ http://localhost:3000/_next/static/chunks/01.s_next_dist_09bvr7k._.js:2431
[15310366ms] [LOG] [Fast Refresh] rebuilding @ http://localhost:3000/_next/static/chunks/01.s_next_dist_09bvr7k._.js:2431
[15311226ms] [LOG] [Fast Refresh] done in 958ms @ http://localhost:3000/_next/static/chunks/01.s_next_dist_09bvr7k._.js:2431
[15311363ms] [LOG] [Fast Refresh] rebuilding @ http://localhost:3000/_next/static/chunks/01.s_next_dist_09bvr7k._.js:2431
[15312085ms] [LOG] [Fast Refresh] done in 825ms @ http://localhost:3000/_next/static/chunks/01.s_next_dist_09bvr7k._.js:2431
[15314945ms] [LOG] [Fast Refresh] rebuilding @ http://localhost:3000/_next/static/chunks/01.s_next_dist_09bvr7k._.js:2431
[15315427ms] [LOG] [Fast Refresh] done in 586ms @ http://localhost:3000/_next/static/chunks/01.s_next_dist_09bvr7k._.js:2431
[15315561ms] [LOG] [Fast Refresh] rebuilding @ http://localhost:3000/_next/static/chunks/01.s_next_dist_09bvr7k._.js:2431
[15316213ms] [LOG] [Fast Refresh] done in 763ms @ http://localhost:3000/_next/static/chunks/01.s_next_dist_09bvr7k._.js:2431
[15316346ms] [LOG] [Fast Refresh] rebuilding @ http://localhost:3000/_next/static/chunks/01.s_next_dist_09bvr7k._.js:2431
[15316678ms] [LOG] [Fast Refresh] done in 440ms @ http://localhost:3000/_next/static/chunks/01.s_next_dist_09bvr7k._.js:2431
[15320200ms] [LOG] [Fast Refresh] rebuilding @ http://localhost:3000/_next/static/chunks/01.s_next_dist_09bvr7k._.js:2431
[15321107ms] [LOG] [Fast Refresh] done in 1007ms @ http://localhost:3000/_next/static/chunks/01.s_next_dist_09bvr7k._.js:2431
[15321263ms] [LOG] [Fast Refresh] rebuilding @ http://localhost:3000/_next/static/chunks/01.s_next_dist_09bvr7k._.js:2431
[15322270ms] [LOG] [Fast Refresh] done in 1109ms @ http://localhost:3000/_next/static/chunks/01.s_next_dist_09bvr7k._.js:2431
[15328659ms] [LOG] [Fast Refresh] rebuilding @ http://localhost:3000/_next/static/chunks/01.s_next_dist_09bvr7k._.js:2431
[15329523ms] [LOG] [Fast Refresh] done in 964ms @ http://localhost:3000/_next/static/chunks/01.s_next_dist_09bvr7k._.js:2431
[15329647ms] [LOG] [Fast Refresh] rebuilding @ http://localhost:3000/_next/static/chunks/01.s_next_dist_09bvr7k._.js:2431
[15330594ms] [LOG] [Fast Refresh] done in 1050ms @ http://localhost:3000/_next/static/chunks/01.s_next_dist_09bvr7k._.js:2431
[15330743ms] [LOG] [Fast Refresh] rebuilding @ http://localhost:3000/_next/static/chunks/01.s_next_dist_09bvr7k._.js:2431
[15331301ms] [LOG] [Fast Refresh] done in 671ms @ http://localhost:3000/_next/static/chunks/01.s_next_dist_09bvr7k._.js:2431
[15343025ms] [LOG] [Fast Refresh] rebuilding @ http://localhost:3000/_next/static/chunks/01.s_next_dist_09bvr7k._.js:2431
[15343783ms] [LOG] [Fast Refresh] done in 860ms @ http://localhost:3000/_next/static/chunks/01.s_next_dist_09bvr7k._.js:2431
[15343913ms] [LOG] [Fast Refresh] rebuilding @ http://localhost:3000/_next/static/chunks/01.s_next_dist_09bvr7k._.js:2431
[15344664ms] [LOG] [Fast Refresh] done in 857ms @ http://localhost:3000/_next/static/chunks/01.s_next_dist_09bvr7k._.js:2431
[15363222ms] [LOG] [Fast Refresh] rebuilding @ http://localhost:3000/_next/static/chunks/01.s_next_dist_09bvr7k._.js:2431
[15364001ms] [LOG] [Fast Refresh] done in 881ms @ http://localhost:3000/_next/static/chunks/01.s_next_dist_09bvr7k._.js:2431
[15364147ms] [LOG] [Fast Refresh] rebuilding @ http://localhost:3000/_next/static/chunks/01.s_next_dist_09bvr7k._.js:2431
[15364920ms] [LOG] [Fast Refresh] done in 886ms @ http://localhost:3000/_next/static/chunks/01.s_next_dist_09bvr7k._.js:2431
[15365059ms] [LOG] [Fast Refresh] rebuilding @ http://localhost:3000/_next/static/chunks/01.s_next_dist_09bvr7k._.js:2431
[15365547ms] [LOG] [Fast Refresh] done in 589ms @ http://localhost:3000/_next/static/chunks/01.s_next_dist_09bvr7k._.js:2431
[15675587ms] [LOG] [Fast Refresh] rebuilding @ http://localhost:3000/_next/static/chunks/01.s_next_dist_09bvr7k._.js:2431
[15677591ms] [LOG] [Fast Refresh] done in 2141ms @ http://localhost:3000/_next/static/chunks/01.s_next_dist_09bvr7k._.js:2431
[15769814ms] [LOG] [Fast Refresh] rebuilding @ http://localhost:3000/_next/static/chunks/01.s_next_dist_09bvr7k._.js:2431
[15770031ms] [LOG] [Fast Refresh] done in 323ms @ http://localhost:3000/_next/static/chunks/01.s_next_dist_09bvr7k._.js:2431
[15771998ms] [LOG] [Fast Refresh] rebuilding @ http://localhost:3000/_next/static/chunks/01.s_next_dist_09bvr7k._.js:2431
[15772179ms] [LOG] [Fast Refresh] done in 296ms @ http://localhost:3000/_next/static/chunks/01.s_next_dist_09bvr7k._.js:2431
[15772682ms] [LOG] [Fast Refresh] rebuilding @ http://localhost:3000/_next/static/chunks/01.s_next_dist_09bvr7k._.js:2431
[15772737ms] [LOG] [Fast Refresh] done in 156ms @ http://localhost:3000/_next/static/chunks/01.s_next_dist_09bvr7k._.js:2431
[15773562ms] [LOG] [Fast Refresh] rebuilding @ http://localhost:3000/_next/static/chunks/01.s_next_dist_09bvr7k._.js:2431
[15773603ms] [LOG] [Fast Refresh] done in 157ms @ http://localhost:3000/_next/static/chunks/01.s_next_dist_09bvr7k._.js:2431
[15773906ms] [LOG] [Fast Refresh] rebuilding @ http://localhost:3000/_next/static/chunks/01.s_next_dist_09bvr7k._.js:2431
[15773928ms] [LOG] [Fast Refresh] done in 123ms @ http://localhost:3000/_next/static/chunks/01.s_next_dist_09bvr7k._.js:2431
[16058815ms] [LOG] [Fast Refresh] rebuilding @ http://localhost:3000/_next/static/chunks/01.s_next_dist_09bvr7k._.js:2431
[16058896ms] [LOG] [Fast Refresh] done in 186ms @ http://localhost:3000/_next/static/chunks/01.s_next_dist_09bvr7k._.js:2431
[16085892ms] [LOG] [Fast Refresh] rebuilding @ http://localhost:3000/_next/static/chunks/01.s_next_dist_09bvr7k._.js:2431
[16085917ms] [LOG] [Fast Refresh] done in 135ms @ http://localhost:3000/_next/static/chunks/01.s_next_dist_09bvr7k._.js:2431
[16099956ms] [LOG] [Fast Refresh] rebuilding @ http://localhost:3000/_next/static/chunks/01.s_next_dist_09bvr7k._.js:2431
[16100004ms] [LOG] [Fast Refresh] done in 159ms @ http://localhost:3000/_next/static/chunks/01.s_next_dist_09bvr7k._.js:2431
[16119781ms] [LOG] [Fast Refresh] rebuilding @ http://localhost:3000/_next/static/chunks/01.s_next_dist_09bvr7k._.js:2431
[16119804ms] [LOG] [Fast Refresh] done in 126ms @ http://localhost:3000/_next/static/chunks/01.s_next_dist_09bvr7k._.js:2431
[16121390ms] [LOG] [Fast Refresh] rebuilding @ http://localhost:3000/_next/static/chunks/01.s_next_dist_09bvr7k._.js:2431
[16121455ms] [LOG] [Fast Refresh] done in 174ms @ http://localhost:3000/_next/static/chunks/01.s_next_dist_09bvr7k._.js:2431
[16153533ms] [LOG] [Fast Refresh] rebuilding @ http://localhost:3000/_next/static/chunks/01.s_next_dist_09bvr7k._.js:2431
[16154293ms] [LOG] [Fast Refresh] done in 864ms @ http://localhost:3000/_next/static/chunks/01.s_next_dist_09bvr7k._.js:2431
[16162702ms] [LOG] [Fast Refresh] rebuilding @ http://localhost:3000/_next/static/chunks/01.s_next_dist_09bvr7k._.js:2431
[16162932ms] [LOG] [Fast Refresh] done in 333ms @ http://localhost:3000/_next/static/chunks/01.s_next_dist_09bvr7k._.js:2431
[16164478ms] [LOG] [Fast Refresh] rebuilding @ http://localhost:3000/_next/static/chunks/01.s_next_dist_09bvr7k._.js:2431
[16164602ms] [LOG] [Fast Refresh] done in 227ms @ http://localhost:3000/_next/static/chunks/01.s_next_dist_09bvr7k._.js:2431
[16209167ms] [LOG] [Fast Refresh] rebuilding @ http://localhost:3000/_next/static/chunks/01.s_next_dist_09bvr7k._.js:2431
[16209187ms] [LOG] [Fast Refresh] done in 129ms @ http://localhost:3000/_next/static/chunks/01.s_next_dist_09bvr7k._.js:2431
[16264341ms] [LOG] [Fast Refresh] rebuilding @ http://localhost:3000/_next/static/chunks/01.s_next_dist_09bvr7k._.js:2431
[16264992ms] [LOG] [Fast Refresh] done in 751ms @ http://localhost:3000/_next/static/chunks/01.s_next_dist_09bvr7k._.js:2431
[16265097ms] [LOG] [Fast Refresh] rebuilding @ http://localhost:3000/_next/static/chunks/01.s_next_dist_09bvr7k._.js:2431
[16265849ms] [LOG] [Fast Refresh] done in 856ms @ http://localhost:3000/_next/static/chunks/01.s_next_dist_09bvr7k._.js:2431
[16266056ms] [LOG] [Fast Refresh] rebuilding @ http://localhost:3000/_next/static/chunks/01.s_next_dist_09bvr7k._.js:2431
[16266079ms] [LOG] [Fast Refresh] done in 127ms @ http://localhost:3000/_next/static/chunks/01.s_next_dist_09bvr7k._.js:2431
[16266315ms] [LOG] [Fast Refresh] rebuilding @ http://localhost:3000/_next/static/chunks/01.s_next_dist_09bvr7k._.js:2431
[16266339ms] [LOG] [Fast Refresh] done in 132ms @ http://localhost:3000/_next/static/chunks/01.s_next_dist_09bvr7k._.js:2431
[16269360ms] [LOG] [Fast Refresh] rebuilding @ http://localhost:3000/_next/static/chunks/01.s_next_dist_09bvr7k._.js:2431
[16270089ms] [LOG] [Fast Refresh] done in 832ms @ http://localhost:3000/_next/static/chunks/01.s_next_dist_09bvr7k._.js:2431
[16270228ms] [LOG] [Fast Refresh] rebuilding @ http://localhost:3000/_next/static/chunks/01.s_next_dist_09bvr7k._.js:2431
[16271082ms] [LOG] [Fast Refresh] done in 962ms @ http://localhost:3000/_next/static/chunks/01.s_next_dist_09bvr7k._.js:2431
[16271248ms] [LOG] [Fast Refresh] rebuilding @ http://localhost:3000/_next/static/chunks/01.s_next_dist_09bvr7k._.js:2431
[16271722ms] [LOG] [Fast Refresh] done in 586ms @ http://localhost:3000/_next/static/chunks/01.s_next_dist_09bvr7k._.js:2431
[16271835ms] [LOG] [Fast Refresh] rebuilding @ http://localhost:3000/_next/static/chunks/01.s_next_dist_09bvr7k._.js:2431
[16271891ms] [LOG] [Fast Refresh] done in 169ms @ http://localhost:3000/_next/static/chunks/01.s_next_dist_09bvr7k._.js:2431
[16281417ms] [LOG] [Fast Refresh] rebuilding @ http://localhost:3000/_next/static/chunks/01.s_next_dist_09bvr7k._.js:2431
[16282224ms] [LOG] [Fast Refresh] done in 910ms @ http://localhost:3000/_next/static/chunks/01.s_next_dist_09bvr7k._.js:2431
[16282364ms] [LOG] [Fast Refresh] rebuilding @ http://localhost:3000/_next/static/chunks/01.s_next_dist_09bvr7k._.js:2431
[16282879ms] [LOG] [Fast Refresh] done in 623ms @ http://localhost:3000/_next/static/chunks/01.s_next_dist_09bvr7k._.js:2431
[16283032ms] [LOG] [Fast Refresh] rebuilding @ http://localhost:3000/_next/static/chunks/01.s_next_dist_09bvr7k._.js:2431
[16283299ms] [LOG] [Fast Refresh] done in 380ms @ http://localhost:3000/_next/static/chunks/01.s_next_dist_09bvr7k._.js:2431
[16283431ms] [LOG] [Fast Refresh] rebuilding @ http://localhost:3000/_next/static/chunks/01.s_next_dist_09bvr7k._.js:2431
[16283435ms] [LOG] [Fast Refresh] done in 108ms @ http://localhost:3000/_next/static/chunks/01.s_next_dist_09bvr7k._.js:2431
[16289746ms] [LOG] [Fast Refresh] rebuilding @ http://localhost:3000/_next/static/chunks/01.s_next_dist_09bvr7k._.js:2431
[16290531ms] [LOG] [Fast Refresh] done in 887ms @ http://localhost:3000/_next/static/chunks/01.s_next_dist_09bvr7k._.js:2431
[16290674ms] [LOG] [Fast Refresh] rebuilding @ http://localhost:3000/_next/static/chunks/01.s_next_dist_09bvr7k._.js:2431
[16291424ms] [LOG] [Fast Refresh] done in 856ms @ http://localhost:3000/_next/static/chunks/01.s_next_dist_09bvr7k._.js:2431
[16291572ms] [LOG] [Fast Refresh] rebuilding @ http://localhost:3000/_next/static/chunks/01.s_next_dist_09bvr7k._.js:2431
[16292020ms] [LOG] [Fast Refresh] done in 552ms @ http://localhost:3000/_next/static/chunks/01.s_next_dist_09bvr7k._.js:2431
[16299481ms] [LOG] [Fast Refresh] rebuilding @ http://localhost:3000/_next/static/chunks/01.s_next_dist_09bvr7k._.js:2431
[16300357ms] [LOG] [Fast Refresh] done in 978ms @ http://localhost:3000/_next/static/chunks/01.s_next_dist_09bvr7k._.js:2431
[16300480ms] [LOG] [Fast Refresh] rebuilding @ http://localhost:3000/_next/static/chunks/01.s_next_dist_09bvr7k._.js:2431
[16301440ms] [LOG] [Fast Refresh] done in 1060ms @ http://localhost:3000/_next/static/chunks/01.s_next_dist_09bvr7k._.js:2431
[16301598ms] [LOG] [Fast Refresh] rebuilding @ http://localhost:3000/_next/static/chunks/01.s_next_dist_09bvr7k._.js:2431
[16301880ms] [LOG] [Fast Refresh] done in 384ms @ http://localhost:3000/_next/static/chunks/01.s_next_dist_09bvr7k._.js:2431
[16301992ms] [LOG] [Fast Refresh] rebuilding @ http://localhost:3000/_next/static/chunks/01.s_next_dist_09bvr7k._.js:2431
[16302294ms] [LOG] [Fast Refresh] done in 413ms @ http://localhost:3000/_next/static/chunks/01.s_next_dist_09bvr7k._.js:2431
[16303253ms] [LOG] [Fast Refresh] rebuilding @ http://localhost:3000/_next/static/chunks/01.s_next_dist_09bvr7k._.js:2431
[16304212ms] [LOG] [Fast Refresh] done in 1058ms @ http://localhost:3000/_next/static/chunks/01.s_next_dist_09bvr7k._.js:2431
[16304342ms] [LOG] [Fast Refresh] rebuilding @ http://localhost:3000/_next/static/chunks/01.s_next_dist_09bvr7k._.js:2431
[16305359ms] [LOG] [Fast Refresh] done in 1121ms @ http://localhost:3000/_next/static/chunks/01.s_next_dist_09bvr7k._.js:2431
[16308225ms] [LOG] [Fast Refresh] rebuilding @ http://localhost:3000/_next/static/chunks/01.s_next_dist_09bvr7k._.js:2431
[16309071ms] [LOG] [Fast Refresh] done in 945ms @ http://localhost:3000/_next/static/chunks/01.s_next_dist_09bvr7k._.js:2431
[16309197ms] [LOG] [Fast Refresh] rebuilding @ http://localhost:3000/_next/static/chunks/01.s_next_dist_09bvr7k._.js:2431
[16310156ms] [LOG] [Fast Refresh] done in 1061ms @ http://localhost:3000/_next/static/chunks/01.s_next_dist_09bvr7k._.js:2431
[16310314ms] [LOG] [Fast Refresh] rebuilding @ http://localhost:3000/_next/static/chunks/01.s_next_dist_09bvr7k._.js:2431
[16310536ms] [LOG] [Fast Refresh] done in 327ms @ http://localhost:3000/_next/static/chunks/01.s_next_dist_09bvr7k._.js:2431
[16310647ms] [LOG] [Fast Refresh] rebuilding @ http://localhost:3000/_next/static/chunks/01.s_next_dist_09bvr7k._.js:2431
[16310974ms] [LOG] [Fast Refresh] done in 437ms @ http://localhost:3000/_next/static/chunks/01.s_next_dist_09bvr7k._.js:2431
[16314112ms] [LOG] [Fast Refresh] rebuilding @ http://localhost:3000/_next/static/chunks/01.s_next_dist_09bvr7k._.js:2431
[16314917ms] [LOG] [Fast Refresh] done in 906ms @ http://localhost:3000/_next/static/chunks/01.s_next_dist_09bvr7k._.js:2431
[16315041ms] [LOG] [Fast Refresh] rebuilding @ http://localhost:3000/_next/static/chunks/01.s_next_dist_09bvr7k._.js:2431
[16316002ms] [LOG] [Fast Refresh] done in 1066ms @ http://localhost:3000/_next/static/chunks/01.s_next_dist_09bvr7k._.js:2431
[16316143ms] [LOG] [Fast Refresh] rebuilding @ http://localhost:3000/_next/static/chunks/01.s_next_dist_09bvr7k._.js:2431
[16316465ms] [LOG] [Fast Refresh] done in 427ms @ http://localhost:3000/_next/static/chunks/01.s_next_dist_09bvr7k._.js:2431
[16317197ms] [LOG] [Fast Refresh] rebuilding @ http://localhost:3000/_next/static/chunks/01.s_next_dist_09bvr7k._.js:2431
[16317473ms] [LOG] [Fast Refresh] done in 391ms @ http://localhost:3000/_next/static/chunks/01.s_next_dist_09bvr7k._.js:2431
[16317896ms] [LOG] [Fast Refresh] rebuilding @ http://localhost:3000/_next/static/chunks/01.s_next_dist_09bvr7k._.js:2431
[16317920ms] [LOG] [Fast Refresh] done in 134ms @ http://localhost:3000/_next/static/chunks/01.s_next_dist_09bvr7k._.js:2431
[16320425ms] [LOG] [Fast Refresh] rebuilding @ http://localhost:3000/_next/static/chunks/01.s_next_dist_09bvr7k._.js:2431
[16321282ms] [LOG] [Fast Refresh] done in 956ms @ http://localhost:3000/_next/static/chunks/01.s_next_dist_09bvr7k._.js:2431
[16321405ms] [LOG] [Fast Refresh] rebuilding @ http://localhost:3000/_next/static/chunks/01.s_next_dist_09bvr7k._.js:2431
[16322421ms] [LOG] [Fast Refresh] done in 1118ms @ http://localhost:3000/_next/static/chunks/01.s_next_dist_09bvr7k._.js:2431
[16322564ms] [LOG] [Fast Refresh] rebuilding @ http://localhost:3000/_next/static/chunks/01.s_next_dist_09bvr7k._.js:2431
[16323116ms] [LOG] [Fast Refresh] done in 658ms @ http://localhost:3000/_next/static/chunks/01.s_next_dist_09bvr7k._.js:2431
[16325357ms] [LOG] [Fast Refresh] rebuilding @ http://localhost:3000/_next/static/chunks/01.s_next_dist_09bvr7k._.js:2431
[16326226ms] [LOG] [Fast Refresh] done in 967ms @ http://localhost:3000/_next/static/chunks/01.s_next_dist_09bvr7k._.js:2431
[16326347ms] [LOG] [Fast Refresh] rebuilding @ http://localhost:3000/_next/static/chunks/01.s_next_dist_09bvr7k._.js:2431
[16327335ms] [LOG] [Fast Refresh] done in 1097ms @ http://localhost:3000/_next/static/chunks/01.s_next_dist_09bvr7k._.js:2431
[16327479ms] [LOG] [Fast Refresh] rebuilding @ http://localhost:3000/_next/static/chunks/01.s_next_dist_09bvr7k._.js:2431
[16327992ms] [LOG] [Fast Refresh] done in 622ms @ http://localhost:3000/_next/static/chunks/01.s_next_dist_09bvr7k._.js:2431
[16344435ms] [LOG] [Fast Refresh] rebuilding @ http://localhost:3000/_next/static/chunks/01.s_next_dist_09bvr7k._.js:2431
[16344516ms] [LOG] [Fast Refresh] done in 195ms @ http://localhost:3000/_next/static/chunks/01.s_next_dist_09bvr7k._.js:2431
[16346206ms] [LOG] [Fast Refresh] rebuilding @ http://localhost:3000/_next/static/chunks/01.s_next_dist_09bvr7k._.js:2431
[16346803ms] [LOG] [Fast Refresh] done in 694ms @ http://localhost:3000/_next/static/chunks/01.s_next_dist_09bvr7k._.js:2431
[16346928ms] [LOG] [Fast Refresh] rebuilding @ http://localhost:3000/_next/static/chunks/01.s_next_dist_09bvr7k._.js:2431
[16347396ms] [LOG] [Fast Refresh] done in 570ms @ http://localhost:3000/_next/static/chunks/01.s_next_dist_09bvr7k._.js:2431
[16347561ms] [LOG] [Fast Refresh] rebuilding @ http://localhost:3000/_next/static/chunks/01.s_next_dist_09bvr7k._.js:2431
[16348007ms] [LOG] [Fast Refresh] done in 554ms @ http://localhost:3000/_next/static/chunks/01.s_next_dist_09bvr7k._.js:2431
[16606162ms] [LOG] [Fast Refresh] rebuilding @ http://localhost:3000/_next/static/chunks/01.s_next_dist_09bvr7k._.js:2431
[16606517ms] [LOG] [Fast Refresh] done in 467ms @ http://localhost:3000/_next/static/chunks/01.s_next_dist_09bvr7k._.js:2431
[16607631ms] [LOG] [Fast Refresh] rebuilding @ http://localhost:3000/_next/static/chunks/01.s_next_dist_09bvr7k._.js:2431
[16607666ms] [LOG] [Fast Refresh] done in 140ms @ http://localhost:3000/_next/static/chunks/01.s_next_dist_09bvr7k._.js:2431
[16608142ms] [LOG] [Fast Refresh] rebuilding @ http://localhost:3000/_next/static/chunks/01.s_next_dist_09bvr7k._.js:2431
[16608153ms] [LOG] [Fast Refresh] done in 126ms @ http://localhost:3000/_next/static/chunks/01.s_next_dist_09bvr7k._.js:2431
[16816694ms] [LOG] [Fast Refresh] rebuilding @ http://localhost:3000/_next/static/chunks/01.s_next_dist_09bvr7k._.js:2431
[16817034ms] [LOG] [Fast Refresh] done in 441ms @ http://localhost:3000/_next/static/chunks/01.s_next_dist_09bvr7k._.js:2431
[16887565ms] [LOG] [Fast Refresh] rebuilding @ http://localhost:3000/_next/static/chunks/01.s_next_dist_09bvr7k._.js:2431
[16888034ms] [LOG] [Fast Refresh] done in 573ms @ http://localhost:3000/_next/static/chunks/01.s_next_dist_09bvr7k._.js:2431
[16953442ms] [LOG] [Fast Refresh] rebuilding @ http://localhost:3000/_next/static/chunks/01.s_next_dist_09bvr7k._.js:2431
[16953463ms] [LOG] [Fast Refresh] done in 131ms @ http://localhost:3000/_next/static/chunks/01.s_next_dist_09bvr7k._.js:2431
[16955595ms] [LOG] [Fast Refresh] rebuilding @ http://localhost:3000/_next/static/chunks/01.s_next_dist_09bvr7k._.js:2431
[16955620ms] [LOG] [Fast Refresh] done in 128ms @ http://localhost:3000/_next/static/chunks/01.s_next_dist_09bvr7k._.js:2431
[17712704ms] [LOG] [Fast Refresh] rebuilding @ http://localhost:3000/_next/static/chunks/01.s_next_dist_09bvr7k._.js:2431
[17713713ms] [LOG] [Fast Refresh] done in 1165ms @ http://localhost:3000/_next/static/chunks/01.s_next_dist_09bvr7k._.js:2431
[17713833ms] [LOG] [Fast Refresh] rebuilding @ http://localhost:3000/_next/static/chunks/01.s_next_dist_09bvr7k._.js:2431
[17715285ms] [LOG] [Fast Refresh] done in 1559ms @ http://localhost:3000/_next/static/chunks/01.s_next_dist_09bvr7k._.js:2431
[17795348ms] [LOG] [Fast Refresh] rebuilding @ http://localhost:3000/_next/static/chunks/01.s_next_dist_09bvr7k._.js:2431
[17795426ms] [LOG] [Fast Refresh] done in 152ms @ http://localhost:3000/_next/static/chunks/01.s_next_dist_09bvr7k._.js:2431
[17808311ms] [LOG] [Fast Refresh] rebuilding @ http://localhost:3000/_next/static/chunks/01.s_next_dist_09bvr7k._.js:2431
[17808796ms] [LOG] [Fast Refresh] done in 585ms @ http://localhost:3000/_next/static/chunks/01.s_next_dist_09bvr7k._.js:2431
[17808916ms] [LOG] [Fast Refresh] rebuilding @ http://localhost:3000/_next/static/chunks/01.s_next_dist_09bvr7k._.js:2431
[17809601ms] [LOG] [Fast Refresh] done in 788ms @ http://localhost:3000/_next/static/chunks/01.s_next_dist_09bvr7k._.js:2431
[17809734ms] [LOG] [Fast Refresh] rebuilding @ http://localhost:3000/_next/static/chunks/01.s_next_dist_09bvr7k._.js:2431
[17809872ms] [LOG] [Fast Refresh] done in 238ms @ http://localhost:3000/_next/static/chunks/01.s_next_dist_09bvr7k._.js:2431
[17816981ms] [LOG] [Fast Refresh] rebuilding @ http://localhost:3000/_next/static/chunks/01.s_next_dist_09bvr7k._.js:2431
[17817471ms] [LOG] [Fast Refresh] done in 592ms @ http://localhost:3000/_next/static/chunks/01.s_next_dist_09bvr7k._.js:2431
[17817598ms] [LOG] [Fast Refresh] rebuilding @ http://localhost:3000/_next/static/chunks/01.s_next_dist_09bvr7k._.js:2431
[17818058ms] [LOG] [Fast Refresh] done in 572ms @ http://localhost:3000/_next/static/chunks/01.s_next_dist_09bvr7k._.js:2431
[17821071ms] [LOG] [Fast Refresh] rebuilding @ http://localhost:3000/_next/static/chunks/01.s_next_dist_09bvr7k._.js:2431
[17822339ms] [LOG] [Fast Refresh] done in 1367ms @ http://localhost:3000/_next/static/chunks/01.s_next_dist_09bvr7k._.js:2431
[17822461ms] [LOG] [Fast Refresh] rebuilding @ http://localhost:3000/_next/static/chunks/01.s_next_dist_09bvr7k._.js:2431
[17823018ms] [LOG] [Fast Refresh] done in 667ms @ http://localhost:3000/_next/static/chunks/01.s_next_dist_09bvr7k._.js:2431
[17823155ms] [LOG] [Fast Refresh] rebuilding @ http://localhost:3000/_next/static/chunks/01.s_next_dist_09bvr7k._.js:2431
[17823193ms] [LOG] [Fast Refresh] done in 142ms @ http://localhost:3000/_next/static/chunks/01.s_next_dist_09bvr7k._.js:2431
[17857104ms] [LOG] [Fast Refresh] rebuilding @ http://localhost:3000/_next/static/chunks/01.s_next_dist_09bvr7k._.js:2431
[17857256ms] [LOG] [Fast Refresh] done in 254ms @ http://localhost:3000/_next/static/chunks/01.s_next_dist_09bvr7k._.js:2431
[17920444ms] [LOG] [Fast Refresh] rebuilding @ http://localhost:3000/_next/static/chunks/01.s_next_dist_09bvr7k._.js:2431
[17920580ms] [LOG] [Fast Refresh] done in 243ms @ http://localhost:3000/_next/static/chunks/01.s_next_dist_09bvr7k._.js:2431
[17965167ms] [ERROR] WebSocket connection to 'ws://localhost:3000/_next/webpack-hmr?id=7WB19-jSnhITrrAKXWXIk' failed: Error in connection establishment: net::ERR_CONNECTION_REFUSED @ http://localhost:3000/_next/static/chunks/01.s_next_dist_client_0kff.~a._.js:13299
[17968534ms] [ERROR] WebSocket connection to 'ws://localhost:3000/_next/webpack-hmr?id=7WB19-jSnhITrrAKXWXIk' failed: Error in connection establishment: net::ERR_CONNECTION_REFUSED @ http://localhost:3000/_next/static/chunks/01.s_next_dist_client_0kff.~a._.js:13299
[17971907ms] [ERROR] WebSocket connection to 'ws://localhost:3000/_next/webpack-hmr?id=7WB19-jSnhITrrAKXWXIk' failed: Error in connection establishment: net::ERR_CONNECTION_REFUSED @ http://localhost:3000/_next/static/chunks/01.s_next_dist_client_0kff.~a._.js:13299
[17975262ms] [ERROR] WebSocket connection to 'ws://localhost:3000/_next/webpack-hmr?id=7WB19-jSnhITrrAKXWXIk' failed: Error in connection establishment: net::ERR_CONNECTION_REFUSED @ http://localhost:3000/_next/static/chunks/01.s_next_dist_client_0kff.~a._.js:13299
[17981204ms] [LOG] [HMR] connected @ http://localhost:3000/_next/static/chunks/01.s_next_dist_09bvr7k._.js:2431
[17988242ms] [INFO] %cDownload the React DevTools for a better development experience: https://react.dev/link/react-devtools font-weight:bold @ http://localhost:3000/_next/static/chunks/01.s_next_dist_09bvr7k._.js:2431
[17988301ms] [LOG] [HMR] connected @ http://localhost:3000/_next/static/chunks/01.s_next_dist_09bvr7k._.js:2431
[17988436ms] [LOG] [Fast Refresh] rebuilding @ http://localhost:3000/_next/static/chunks/01.s_next_dist_09bvr7k._.js:2431
[17988943ms] [LOG] [Fast Refresh] done in 607ms @ http://localhost:3000/_next/static/chunks/01.s_next_dist_09bvr7k._.js:2431
[17989116ms] [LOG] [Fast Refresh] rebuilding @ http://localhost:3000/_next/static/chunks/01.s_next_dist_09bvr7k._.js:2431
[17989248ms] [LOG] [Fast Refresh] done in 233ms @ http://localhost:3000/_next/static/chunks/01.s_next_dist_09bvr7k._.js:2431
[17991889ms] [LOG] [Fast Refresh] rebuilding @ http://localhost:3000/_next/static/chunks/01.s_next_dist_09bvr7k._.js:2431
[17992153ms] [LOG] [Fast Refresh] done in 373ms @ http://localhost:3000/_next/static/chunks/01.s_next_dist_09bvr7k._.js:2431
[18013281ms] [LOG] [Fast Refresh] rebuilding @ http://localhost:3000/_next/static/chunks/01.s_next_dist_09bvr7k._.js:2431
[18061795ms] [LOG] [Fast Refresh] done in 48638ms @ http://localhost:3000/_next/static/chunks/01.s_next_dist_09bvr7k._.js:2431
[18078085ms] [LOG] [Fast Refresh] rebuilding @ http://localhost:3000/_next/static/chunks/01.s_next_dist_09bvr7k._.js:2431
[18078268ms] [LOG] [Fast Refresh] done in 297ms @ http://localhost:3000/_next/static/chunks/01.s_next_dist_09bvr7k._.js:2431
[18083985ms] [LOG] [Fast Refresh] rebuilding @ http://localhost:3000/_next/static/chunks/01.s_next_dist_09bvr7k._.js:2431
[18084004ms] [LOG] [Fast Refresh] done in 128ms @ http://localhost:3000/_next/static/chunks/01.s_next_dist_09bvr7k._.js:2431
[18122689ms] [LOG] [Fast Refresh] rebuilding @ http://localhost:3000/_next/static/chunks/01.s_next_dist_09bvr7k._.js:2431
[18122862ms] [LOG] [Fast Refresh] done in 278ms @ http://localhost:3000/_next/static/chunks/01.s_next_dist_09bvr7k._.js:2431
[18129933ms] [LOG] [Fast Refresh] rebuilding @ http://localhost:3000/_next/static/chunks/01.s_next_dist_09bvr7k._.js:2431
[18129947ms] [LOG] [Fast Refresh] done in 128ms @ http://localhost:3000/_next/static/chunks/01.s_next_dist_09bvr7k._.js:2431
[18515761ms] [LOG] [Fast Refresh] rebuilding @ http://localhost:3000/_next/static/chunks/01.s_next_dist_09bvr7k._.js:2431
[18531647ms] [LOG] [Fast Refresh] done in 16001ms @ http://localhost:3000/_next/static/chunks/01.s_next_dist_09bvr7k._.js:2431
[18563081ms] [LOG] [Fast Refresh] rebuilding @ http://localhost:3000/_next/static/chunks/01.s_next_dist_09bvr7k._.js:2431
[18563094ms] [LOG] [Fast Refresh] done in 123ms @ http://localhost:3000/_next/static/chunks/01.s_next_dist_09bvr7k._.js:2431
[19680437ms] [LOG] [Fast Refresh] rebuilding @ http://localhost:3000/_next/static/chunks/01.s_next_dist_09bvr7k._.js:2431
[19680438ms] [LOG] [Fast Refresh] done in 113ms @ http://localhost:3000/_next/static/chunks/01.s_next_dist_09bvr7k._.js:2431
[19731001ms] [LOG] [Fast Refresh] done in 17048ms @ http://localhost:3000/_next/static/chunks/01.s_next_dist_09bvr7k._.js:2431
[19731718ms] [ERROR] Failed to load resource: the server responded with a status of 404 (Not Found) @ http://localhost:3000/case/abb-rack-pdu/memo?_rsc=1ew0v:0
[19738253ms] [LOG] [Fast Refresh] rebuilding @ http://localhost:3000/_next/static/chunks/01.s_next_dist_09bvr7k._.js:2431
[19738875ms] [LOG] [Fast Refresh] done in 734ms @ http://localhost:3000/_next/static/chunks/01.s_next_dist_09bvr7k._.js:2431
[19738978ms] [LOG] [Fast Refresh] rebuilding @ http://localhost:3000/_next/static/chunks/01.s_next_dist_09bvr7k._.js:2431
[19739709ms] [LOG] [Fast Refresh] done in 831ms @ http://localhost:3000/_next/static/chunks/01.s_next_dist_09bvr7k._.js:2431
[19740391ms] [INFO] %cDownload the React DevTools for a better development experience: https://react.dev/link/react-devtools font-weight:bold @ http://localhost:3000/_next/static/chunks/01.s_next_dist_09bvr7k._.js:2431
[19740493ms] [LOG] [HMR] connected @ http://localhost:3000/_next/static/chunks/01.s_next_dist_09bvr7k._.js:2431
[19740907ms] [LOG] [Fast Refresh] rebuilding @ http://localhost:3000/_next/static/chunks/01.s_next_dist_09bvr7k._.js:2431
[19740977ms] [LOG] [Fast Refresh] done in 170ms @ http://localhost:3000/_next/static/chunks/01.s_next_dist_09bvr7k._.js:2431
[19741083ms] [LOG] [Fast Refresh] rebuilding @ http://localhost:3000/_next/static/chunks/01.s_next_dist_09bvr7k._.js:2431
[19741277ms] [LOG] [Fast Refresh] done in 300ms @ http://localhost:3000/_next/static/chunks/01.s_next_dist_09bvr7k._.js:2431
[19741428ms] [LOG] [Fast Refresh] rebuilding @ http://localhost:3000/_next/static/chunks/01.s_next_dist_09bvr7k._.js:2431
[19741596ms] [LOG] [Fast Refresh] done in 273ms @ http://localhost:3000/_next/static/chunks/01.s_next_dist_09bvr7k._.js:2431
[19741866ms] [LOG] [Fast Refresh] rebuilding @ http://localhost:3000/_next/static/chunks/01.s_next_dist_09bvr7k._.js:2431
[19741867ms] [LOG] [Fast Refresh] done in 106ms @ http://localhost:3000/_next/static/chunks/01.s_next_dist_09bvr7k._.js:2431
[19741997ms] [LOG] [Fast Refresh] rebuilding @ http://localhost:3000/_next/static/chunks/01.s_next_dist_09bvr7k._.js:2431
[19742006ms] [LOG] [Fast Refresh] done in 111ms @ http://localhost:3000/_next/static/chunks/01.s_next_dist_09bvr7k._.js:2431
[19742183ms] [LOG] [Fast Refresh] rebuilding @ http://localhost:3000/_next/static/chunks/01.s_next_dist_09bvr7k._.js:2431
[19742184ms] [LOG] [Fast Refresh] done in 117ms @ http://localhost:3000/_next/static/chunks/01.s_next_dist_09bvr7k._.js:2431
[19742307ms] [LOG] [Fast Refresh] rebuilding @ http://localhost:3000/_next/static/chunks/01.s_next_dist_09bvr7k._.js:2431
[19742456ms] [LOG] [Fast Refresh] done in 256ms @ http://localhost:3000/_next/static/chunks/01.s_next_dist_09bvr7k._.js:2431
[19742723ms] [LOG] [Fast Refresh] rebuilding @ http://localhost:3000/_next/static/chunks/01.s_next_dist_09bvr7k._.js:2431
[19742798ms] [LOG] [Fast Refresh] done in 178ms @ http://localhost:3000/_next/static/chunks/01.s_next_dist_09bvr7k._.js:2431
[19743066ms] [LOG] [Fast Refresh] rebuilding @ http://localhost:3000/_next/static/chunks/01.s_next_dist_09bvr7k._.js:2431
[19743178ms] [LOG] [Fast Refresh] done in 213ms @ http://localhost:3000/_next/static/chunks/01.s_next_dist_09bvr7k._.js:2431
[19743297ms] [LOG] [Fast Refresh] rebuilding @ http://localhost:3000/_next/static/chunks/01.s_next_dist_09bvr7k._.js:2431
[19743339ms] [LOG] [Fast Refresh] done in 145ms @ http://localhost:3000/_next/static/chunks/01.s_next_dist_09bvr7k._.js:2431
[19744014ms] [LOG] [Fast Refresh] rebuilding @ http://localhost:3000/_next/static/chunks/01.s_next_dist_09bvr7k._.js:2431
[19744036ms] [LOG] [Fast Refresh] done in 129ms @ http://localhost:3000/_next/static/chunks/01.s_next_dist_09bvr7k._.js:2431
[19744463ms] [LOG] [Fast Refresh] rebuilding @ http://localhost:3000/_next/static/chunks/01.s_next_dist_09bvr7k._.js:2431
[19744645ms] [LOG] [Fast Refresh] done in 284ms @ http://localhost:3000/_next/static/chunks/01.s_next_dist_09bvr7k._.js:2431
[19745143ms] [LOG] [Fast Refresh] rebuilding @ http://localhost:3000/_next/static/chunks/01.s_next_dist_09bvr7k._.js:2431
[19745174ms] [LOG] [Fast Refresh] done in 131ms @ http://localhost:3000/_next/static/chunks/01.s_next_dist_09bvr7k._.js:2431
[19745387ms] [LOG] [Fast Refresh] rebuilding @ http://localhost:3000/_next/static/chunks/01.s_next_dist_09bvr7k._.js:2431
[19745451ms] [LOG] [Fast Refresh] done in 170ms @ http://localhost:3000/_next/static/chunks/01.s_next_dist_09bvr7k._.js:2431
[19745695ms] [LOG] [Fast Refresh] rebuilding @ http://localhost:3000/_next/static/chunks/01.s_next_dist_09bvr7k._.js:2431
[19745769ms] [LOG] [Fast Refresh] done in 175ms @ http://localhost:3000/_next/static/chunks/01.s_next_dist_09bvr7k._.js:2431
[19746180ms] [LOG] [Fast Refresh] rebuilding @ http://localhost:3000/_next/static/chunks/01.s_next_dist_09bvr7k._.js:2431
[19746217ms] [LOG] [Fast Refresh] done in 147ms @ http://localhost:3000/_next/static/chunks/01.s_next_dist_09bvr7k._.js:2431
[19746845ms] [LOG] [Fast Refresh] rebuilding @ http://localhost:3000/_next/static/chunks/01.s_next_dist_09bvr7k._.js:2431
[19746912ms] [LOG] [Fast Refresh] done in 171ms @ http://localhost:3000/_next/static/chunks/01.s_next_dist_09bvr7k._.js:2431
[19747028ms] [LOG] [Fast Refresh] rebuilding @ http://localhost:3000/_next/static/chunks/01.s_next_dist_09bvr7k._.js:2431
[19747036ms] [LOG] [Fast Refresh] done in 111ms @ http://localhost:3000/_next/static/chunks/01.s_next_dist_09bvr7k._.js:2431
[19747462ms] [LOG] [Fast Refresh] rebuilding @ http://localhost:3000/_next/static/chunks/01.s_next_dist_09bvr7k._.js:2431
[19747481ms] [LOG] [Fast Refresh] done in 119ms @ http://localhost:3000/_next/static/chunks/01.s_next_dist_09bvr7k._.js:2431
[19747941ms] [LOG] [Fast Refresh] rebuilding @ http://localhost:3000/_next/static/chunks/01.s_next_dist_09bvr7k._.js:2431
[19747947ms] [LOG] [Fast Refresh] done in 116ms @ http://localhost:3000/_next/static/chunks/01.s_next_dist_09bvr7k._.js:2431
[19748347ms] [LOG] [Fast Refresh] rebuilding @ http://localhost:3000/_next/static/chunks/01.s_next_dist_09bvr7k._.js:2431
[19748349ms] [LOG] [Fast Refresh] done in 111ms @ http://localhost:3000/_next/static/chunks/01.s_next_dist_09bvr7k._.js:2431
[19749031ms] [LOG] [Fast Refresh] rebuilding @ http://localhost:3000/_next/static/chunks/01.s_next_dist_09bvr7k._.js:2431
[19749035ms] [LOG] [Fast Refresh] done in 108ms @ http://localhost:3000/_next/static/chunks/01.s_next_dist_09bvr7k._.js:2431
[19750262ms] [LOG] [Fast Refresh] rebuilding @ http://localhost:3000/_next/static/chunks/01.s_next_dist_09bvr7k._.js:2431
[19750303ms] [LOG] [Fast Refresh] done in 145ms @ http://localhost:3000/_next/static/chunks/01.s_next_dist_09bvr7k._.js:2431
[19750496ms] [LOG] [Fast Refresh] rebuilding @ http://localhost:3000/_next/static/chunks/01.s_next_dist_09bvr7k._.js:2431
[19750576ms] [LOG] [Fast Refresh] done in 182ms @ http://localhost:3000/_next/static/chunks/01.s_next_dist_09bvr7k._.js:2431
[19750851ms] [LOG] [Fast Refresh] rebuilding @ http://localhost:3000/_next/static/chunks/01.s_next_dist_09bvr7k._.js:2431
[19750877ms] [LOG] [Fast Refresh] done in 133ms @ http://localhost:3000/_next/static/chunks/01.s_next_dist_09bvr7k._.js:2431
[19751005ms] [LOG] [Fast Refresh] rebuilding @ http://localhost:3000/_next/static/chunks/01.s_next_dist_09bvr7k._.js:2431
[19751037ms] [LOG] [Fast Refresh] done in 138ms @ http://localhost:3000/_next/static/chunks/01.s_next_dist_09bvr7k._.js:2431
[19751892ms] [LOG] [Fast Refresh] rebuilding @ http://localhost:3000/_next/static/chunks/01.s_next_dist_09bvr7k._.js:2431
[19751895ms] [LOG] [Fast Refresh] done in 109ms @ http://localhost:3000/_next/static/chunks/01.s_next_dist_09bvr7k._.js:2431
[19793172ms] [LOG] [Fast Refresh] rebuilding @ http://localhost:3000/_next/static/chunks/01.s_next_dist_09bvr7k._.js:2431
[19793451ms] [LOG] [Fast Refresh] done in 386ms @ http://localhost:3000/_next/static/chunks/01.s_next_dist_09bvr7k._.js:2431
[19793556ms] [LOG] [Fast Refresh] rebuilding @ http://localhost:3000/_next/static/chunks/01.s_next_dist_09bvr7k._.js:2431
[19793846ms] [LOG] [Fast Refresh] done in 394ms @ http://localhost:3000/_next/static/chunks/01.s_next_dist_09bvr7k._.js:2431
[19793961ms] [LOG] [Fast Refresh] rebuilding @ http://localhost:3000/_next/static/chunks/01.s_next_dist_09bvr7k._.js:2431
[19794335ms] [LOG] [Fast Refresh] done in 480ms @ http://localhost:3000/_next/static/chunks/01.s_next_dist_09bvr7k._.js:2431
[19794438ms] [LOG] [Fast Refresh] rebuilding @ http://localhost:3000/_next/static/chunks/01.s_next_dist_09bvr7k._.js:2431
[19794724ms] [LOG] [Fast Refresh] done in 387ms @ http://localhost:3000/_next/static/chunks/01.s_next_dist_09bvr7k._.js:2431
[19897397ms] [LOG] [Fast Refresh] rebuilding @ http://localhost:3000/_next/static/chunks/01.s_next_dist_09bvr7k._.js:2431
[19902051ms] [LOG] [Fast Refresh] done in 4758ms @ http://localhost:3000/_next/static/chunks/01.s_next_dist_09bvr7k._.js:2431
[19902184ms] [LOG] [Fast Refresh] rebuilding @ http://localhost:3000/_next/static/chunks/01.s_next_dist_09bvr7k._.js:2431
[19902551ms] [LOG] [Fast Refresh] done in 468ms @ http://localhost:3000/_next/static/chunks/01.s_next_dist_09bvr7k._.js:2431
[19902696ms] [LOG] [Fast Refresh] rebuilding @ http://localhost:3000/_next/static/chunks/01.s_next_dist_09bvr7k._.js:2431
[19902763ms] [LOG] [Fast Refresh] done in 173ms @ http://localhost:3000/_next/static/chunks/01.s_next_dist_09bvr7k._.js:2431
[19902928ms] [LOG] [Fast Refresh] rebuilding @ http://localhost:3000/_next/static/chunks/01.s_next_dist_09bvr7k._.js:2431
[19902944ms] [LOG] [Fast Refresh] done in 120ms @ http://localhost:3000/_next/static/chunks/01.s_next_dist_09bvr7k._.js:2431
[19903714ms] [LOG] [Fast Refresh] rebuilding @ http://localhost:3000/_next/static/chunks/01.s_next_dist_09bvr7k._.js:2431
[19903751ms] [LOG] [Fast Refresh] done in 143ms @ http://localhost:3000/_next/static/chunks/01.s_next_dist_09bvr7k._.js:2431
[19904413ms] [LOG] [Fast Refresh] rebuilding @ http://localhost:3000/_next/static/chunks/01.s_next_dist_09bvr7k._.js:2431
[19904428ms] [LOG] [Fast Refresh] done in 117ms @ http://localhost:3000/_next/static/chunks/01.s_next_dist_09bvr7k._.js:2431
[19904535ms] [LOG] [Fast Refresh] rebuilding @ http://localhost:3000/_next/static/chunks/01.s_next_dist_09bvr7k._.js:2431
[19904555ms] [LOG] [Fast Refresh] done in 121ms @ http://localhost:3000/_next/static/chunks/01.s_next_dist_09bvr7k._.js:2431
[20099653ms] [LOG] [Fast Refresh] rebuilding @ http://localhost:3000/_next/static/chunks/01.s_next_dist_09bvr7k._.js:2431
[20100119ms] [LOG] [Fast Refresh] done in 573ms @ http://localhost:3000/_next/static/chunks/01.s_next_dist_09bvr7k._.js:2431
[20100231ms] [LOG] [Fast Refresh] rebuilding @ http://localhost:3000/_next/static/chunks/01.s_next_dist_09bvr7k._.js:2431
[20100866ms] [LOG] [Fast Refresh] done in 738ms @ http://localhost:3000/_next/static/chunks/01.s_next_dist_09bvr7k._.js:2431
[20224486ms] [LOG] [Fast Refresh] rebuilding @ http://localhost:3000/_next/static/chunks/01.s_next_dist_09bvr7k._.js:2431
[20224501ms] [LOG] [Fast Refresh] done in 126ms @ http://localhost:3000/_next/static/chunks/01.s_next_dist_09bvr7k._.js:2431
[20224827ms] [LOG] [Fast Refresh] rebuilding @ http://localhost:3000/_next/static/chunks/01.s_next_dist_09bvr7k._.js:2431
[20226022ms] [LOG] [Fast Refresh] done in 1304ms @ http://localhost:3000/_next/static/chunks/01.s_next_dist_09bvr7k._.js:2431
[21123787ms] [LOG] [Fast Refresh] rebuilding @ http://localhost:3000/_next/static/chunks/01.s_next_dist_09bvr7k._.js:2431
[21124028ms] [LOG] [Fast Refresh] done in 350ms @ http://localhost:3000/_next/static/chunks/01.s_next_dist_09bvr7k._.js:2431
[21289813ms] [LOG] [Fast Refresh] rebuilding @ http://localhost:3000/_next/static/chunks/01.s_next_dist_09bvr7k._.js:2431
[21289922ms] [LOG] [Fast Refresh] done in 216ms @ http://localhost:3000/_next/static/chunks/01.s_next_dist_09bvr7k._.js:2431
[21290916ms] [LOG] [Fast Refresh] rebuilding @ http://localhost:3000/_next/static/chunks/01.s_next_dist_09bvr7k._.js:2431
[21291134ms] [LOG] [Fast Refresh] done in 325ms @ http://localhost:3000/_next/static/chunks/01.s_next_dist_09bvr7k._.js:2431
[21291258ms] [LOG] [Fast Refresh] rebuilding @ http://localhost:3000/_next/static/chunks/01.s_next_dist_09bvr7k._.js:2431
[21291476ms] [LOG] [Fast Refresh] done in 325ms @ http://localhost:3000/_next/static/chunks/01.s_next_dist_09bvr7k._.js:2431
[21291647ms] [LOG] [Fast Refresh] rebuilding @ http://localhost:3000/_next/static/chunks/01.s_next_dist_09bvr7k._.js:2431
[21291695ms] [LOG] [Fast Refresh] done in 151ms @ http://localhost:3000/_next/static/chunks/01.s_next_dist_09bvr7k._.js:2431
[21292824ms] [LOG] [Fast Refresh] rebuilding @ http://localhost:3000/_next/static/chunks/01.s_next_dist_09bvr7k._.js:2431
[21293151ms] [LOG] [Fast Refresh] done in 432ms @ http://localhost:3000/_next/static/chunks/01.s_next_dist_09bvr7k._.js:2431
[21293269ms] [LOG] [Fast Refresh] rebuilding @ http://localhost:3000/_next/static/chunks/01.s_next_dist_09bvr7k._.js:2431
[21293398ms] [LOG] [Fast Refresh] done in 231ms @ http://localhost:3000/_next/static/chunks/01.s_next_dist_09bvr7k._.js:2431
[21294442ms] [LOG] [Fast Refresh] rebuilding @ http://localhost:3000/_next/static/chunks/01.s_next_dist_09bvr7k._.js:2431
[21294756ms] [LOG] [Fast Refresh] done in 418ms @ http://localhost:3000/_next/static/chunks/01.s_next_dist_09bvr7k._.js:2431
[21294857ms] [LOG] [Fast Refresh] rebuilding @ http://localhost:3000/_next/static/chunks/01.s_next_dist_09bvr7k._.js:2431
[21294873ms] [LOG] [Fast Refresh] done in 117ms @ http://localhost:3000/_next/static/chunks/01.s_next_dist_09bvr7k._.js:2431
[21294981ms] [LOG] [Fast Refresh] rebuilding @ http://localhost:3000/_next/static/chunks/01.s_next_dist_09bvr7k._.js:2431
[21295216ms] [LOG] [Fast Refresh] done in 339ms @ http://localhost:3000/_next/static/chunks/01.s_next_dist_09bvr7k._.js:2431
[21295370ms] [LOG] [Fast Refresh] rebuilding @ http://localhost:3000/_next/static/chunks/01.s_next_dist_09bvr7k._.js:2431
[21295418ms] [LOG] [Fast Refresh] done in 153ms @ http://localhost:3000/_next/static/chunks/01.s_next_dist_09bvr7k._.js:2431
[21295526ms] [LOG] [Fast Refresh] rebuilding @ http://localhost:3000/_next/static/chunks/01.s_next_dist_09bvr7k._.js:2431
[21295573ms] [LOG] [Fast Refresh] done in 154ms @ http://localhost:3000/_next/static/chunks/01.s_next_dist_09bvr7k._.js:2431
[21295743ms] [LOG] [Fast Refresh] rebuilding @ http://localhost:3000/_next/static/chunks/01.s_next_dist_09bvr7k._.js:2431
[21295760ms] [LOG] [Fast Refresh] done in 124ms @ http://localhost:3000/_next/static/chunks/01.s_next_dist_09bvr7k._.js:2431
[21296021ms] [LOG] [Fast Refresh] rebuilding @ http://localhost:3000/_next/static/chunks/01.s_next_dist_09bvr7k._.js:2431
[21296084ms] [LOG] [Fast Refresh] done in 170ms @ http://localhost:3000/_next/static/chunks/01.s_next_dist_09bvr7k._.js:2431
[21296191ms] [LOG] [Fast Refresh] rebuilding @ http://localhost:3000/_next/static/chunks/01.s_next_dist_09bvr7k._.js:2431
[21296268ms] [LOG] [Fast Refresh] done in 183ms @ http://localhost:3000/_next/static/chunks/01.s_next_dist_09bvr7k._.js:2431
[21296376ms] [LOG] [Fast Refresh] rebuilding @ http://localhost:3000/_next/static/chunks/01.s_next_dist_09bvr7k._.js:2431
[21296392ms] [LOG] [Fast Refresh] done in 120ms @ http://localhost:3000/_next/static/chunks/01.s_next_dist_09bvr7k._.js:2431
[21296766ms] [LOG] [Fast Refresh] rebuilding @ http://localhost:3000/_next/static/chunks/01.s_next_dist_09bvr7k._.js:2431
[21296845ms] [LOG] [Fast Refresh] done in 187ms @ http://localhost:3000/_next/static/chunks/01.s_next_dist_09bvr7k._.js:2431
[21298066ms] [LOG] [Fast Refresh] rebuilding @ http://localhost:3000/_next/static/chunks/01.s_next_dist_09bvr7k._.js:2431
[21298316ms] [LOG] [Fast Refresh] done in 356ms @ http://localhost:3000/_next/static/chunks/01.s_next_dist_09bvr7k._.js:2431
[21300181ms] [LOG] [Fast Refresh] rebuilding @ http://localhost:3000/_next/static/chunks/01.s_next_dist_09bvr7k._.js:2431
[21300182ms] [LOG] [Fast Refresh] done in 107ms @ http://localhost:3000/_next/static/chunks/01.s_next_dist_09bvr7k._.js:2431
[21300292ms] [LOG] [Fast Refresh] rebuilding @ http://localhost:3000/_next/static/chunks/01.s_next_dist_09bvr7k._.js:2431
[21300293ms] [LOG] [Fast Refresh] done in 108ms @ http://localhost:3000/_next/static/chunks/01.s_next_dist_09bvr7k._.js:2431
[21300400ms] [LOG] [Fast Refresh] rebuilding @ http://localhost:3000/_next/static/chunks/01.s_next_dist_09bvr7k._.js:2431
[21300635ms] [LOG] [Fast Refresh] done in 340ms @ http://localhost:3000/_next/static/chunks/01.s_next_dist_09bvr7k._.js:2431
[21300742ms] [LOG] [Fast Refresh] rebuilding @ http://localhost:3000/_next/static/chunks/01.s_next_dist_09bvr7k._.js:2431
[21300994ms] [LOG] [Fast Refresh] done in 355ms @ http://localhost:3000/_next/static/chunks/01.s_next_dist_09bvr7k._.js:2431
[21301101ms] [LOG] [Fast Refresh] rebuilding @ http://localhost:3000/_next/static/chunks/01.s_next_dist_09bvr7k._.js:2431
[21301350ms] [LOG] [Fast Refresh] done in 353ms @ http://localhost:3000/_next/static/chunks/01.s_next_dist_09bvr7k._.js:2431
[21301458ms] [LOG] [Fast Refresh] rebuilding @ http://localhost:3000/_next/static/chunks/01.s_next_dist_09bvr7k._.js:2431
[21301467ms] [LOG] [Fast Refresh] done in 113ms @ http://localhost:3000/_next/static/chunks/01.s_next_dist_09bvr7k._.js:2431
[21301582ms] [LOG] [Fast Refresh] rebuilding @ http://localhost:3000/_next/static/chunks/01.s_next_dist_09bvr7k._.js:2431
[21301677ms] [LOG] [Fast Refresh] done in 200ms @ http://localhost:3000/_next/static/chunks/01.s_next_dist_09bvr7k._.js:2431
[21301785ms] [LOG] [Fast Refresh] rebuilding @ http://localhost:3000/_next/static/chunks/01.s_next_dist_09bvr7k._.js:2431
[21301895ms] [LOG] [Fast Refresh] done in 213ms @ http://localhost:3000/_next/static/chunks/01.s_next_dist_09bvr7k._.js:2431
[21302003ms] [LOG] [Fast Refresh] rebuilding @ http://localhost:3000/_next/static/chunks/01.s_next_dist_09bvr7k._.js:2431
[21302020ms] [LOG] [Fast Refresh] done in 123ms @ http://localhost:3000/_next/static/chunks/01.s_next_dist_09bvr7k._.js:2431
[21302129ms] [LOG] [Fast Refresh] rebuilding @ http://localhost:3000/_next/static/chunks/01.s_next_dist_09bvr7k._.js:2431
[21302349ms] [LOG] [Fast Refresh] done in 328ms @ http://localhost:3000/_next/static/chunks/01.s_next_dist_09bvr7k._.js:2431
[21302456ms] [LOG] [Fast Refresh] rebuilding @ http://localhost:3000/_next/static/chunks/01.s_next_dist_09bvr7k._.js:2431
[21302691ms] [LOG] [Fast Refresh] done in 341ms @ http://localhost:3000/_next/static/chunks/01.s_next_dist_09bvr7k._.js:2431
[21302799ms] [LOG] [Fast Refresh] rebuilding @ http://localhost:3000/_next/static/chunks/01.s_next_dist_09bvr7k._.js:2431
[21303031ms] [LOG] [Fast Refresh] done in 337ms @ http://localhost:3000/_next/static/chunks/01.s_next_dist_09bvr7k._.js:2431
[21303154ms] [LOG] [Fast Refresh] rebuilding @ http://localhost:3000/_next/static/chunks/01.s_next_dist_09bvr7k._.js:2431
[21303374ms] [LOG] [Fast Refresh] done in 326ms @ http://localhost:3000/_next/static/chunks/01.s_next_dist_09bvr7k._.js:2431
[21303482ms] [LOG] [Fast Refresh] rebuilding @ http://localhost:3000/_next/static/chunks/01.s_next_dist_09bvr7k._.js:2431
[21303702ms] [LOG] [Fast Refresh] done in 325ms @ http://localhost:3000/_next/static/chunks/01.s_next_dist_09bvr7k._.js:2431
[21303808ms] [LOG] [Fast Refresh] rebuilding @ http://localhost:3000/_next/static/chunks/01.s_next_dist_09bvr7k._.js:2431
[21304121ms] [LOG] [Fast Refresh] done in 419ms @ http://localhost:3000/_next/static/chunks/01.s_next_dist_09bvr7k._.js:2431
[21304228ms] [LOG] [Fast Refresh] rebuilding @ http://localhost:3000/_next/static/chunks/01.s_next_dist_09bvr7k._.js:2431
[21304230ms] [LOG] [Fast Refresh] done in 108ms @ http://localhost:3000/_next/static/chunks/01.s_next_dist_09bvr7k._.js:2431
[21304337ms] [LOG] [Fast Refresh] rebuilding @ http://localhost:3000/_next/static/chunks/01.s_next_dist_09bvr7k._.js:2431
[21304401ms] [LOG] [Fast Refresh] done in 171ms @ http://localhost:3000/_next/static/chunks/01.s_next_dist_09bvr7k._.js:2431
[21304509ms] [LOG] [Fast Refresh] rebuilding @ http://localhost:3000/_next/static/chunks/01.s_next_dist_09bvr7k._.js:2431
[21304556ms] [LOG] [Fast Refresh] done in 155ms @ http://localhost:3000/_next/static/chunks/01.s_next_dist_09bvr7k._.js:2431
[23632938ms] [LOG] [Fast Refresh] rebuilding @ http://localhost:3000/_next/static/chunks/01.s_next_dist_09bvr7k._.js:2431
[23636143ms] [LOG] [Fast Refresh] done in 3370ms @ http://localhost:3000/_next/static/chunks/01.s_next_dist_09bvr7k._.js:2431
[27839120ms] [LOG] [Fast Refresh] rebuilding @ http://localhost:3000/_next/static/chunks/01.s_next_dist_09bvr7k._.js:2431
[27839137ms] [LOG] [Fast Refresh] done in 125ms @ http://localhost:3000/_next/static/chunks/01.s_next_dist_09bvr7k._.js:2431
[27858742ms] [LOG] [Fast Refresh] rebuilding @ http://localhost:3000/_next/static/chunks/01.s_next_dist_09bvr7k._.js:2431
[27858808ms] [LOG] [Fast Refresh] done in 172ms @ http://localhost:3000/_next/static/chunks/01.s_next_dist_09bvr7k._.js:2431
[27859928ms] [LOG] [Fast Refresh] rebuilding @ http://localhost:3000/_next/static/chunks/01.s_next_dist_09bvr7k._.js:2431
[27860042ms] [LOG] [Fast Refresh] done in 222ms @ http://localhost:3000/_next/static/chunks/01.s_next_dist_09bvr7k._.js:2431
[27862118ms] [LOG] [Fast Refresh] rebuilding @ http://localhost:3000/_next/static/chunks/01.s_next_dist_09bvr7k._.js:2431
[27862152ms] [LOG] [Fast Refresh] done in 137ms @ http://localhost:3000/_next/static/chunks/01.s_next_dist_09bvr7k._.js:2431
[27862278ms] [LOG] [Fast Refresh] rebuilding @ http://localhost:3000/_next/static/chunks/01.s_next_dist_09bvr7k._.js:2431
[27862509ms] [LOG] [Fast Refresh] done in 339ms @ http://localhost:3000/_next/static/chunks/01.s_next_dist_09bvr7k._.js:2431
[27862617ms] [LOG] [Fast Refresh] rebuilding @ http://localhost:3000/_next/static/chunks/01.s_next_dist_09bvr7k._.js:2431
[27862759ms] [LOG] [Fast Refresh] done in 250ms @ http://localhost:3000/_next/static/chunks/01.s_next_dist_09bvr7k._.js:2431
[27862884ms] [LOG] [Fast Refresh] rebuilding @ http://localhost:3000/_next/static/chunks/01.s_next_dist_09bvr7k._.js:2431
[27862932ms] [LOG] [Fast Refresh] done in 155ms @ http://localhost:3000/_next/static/chunks/01.s_next_dist_09bvr7k._.js:2431
[27863042ms] [LOG] [Fast Refresh] rebuilding @ http://localhost:3000/_next/static/chunks/01.s_next_dist_09bvr7k._.js:2431
[27863047ms] [LOG] [Fast Refresh] done in 111ms @ http://localhost:3000/_next/static/chunks/01.s_next_dist_09bvr7k._.js:2431
[27863153ms] [LOG] [Fast Refresh] rebuilding @ http://localhost:3000/_next/static/chunks/01.s_next_dist_09bvr7k._.js:2431
[27863202ms] [LOG] [Fast Refresh] done in 155ms @ http://localhost:3000/_next/static/chunks/01.s_next_dist_09bvr7k._.js:2431
[27863313ms] [LOG] [Fast Refresh] rebuilding @ http://localhost:3000/_next/static/chunks/01.s_next_dist_09bvr7k._.js:2431
[27863435ms] [LOG] [Fast Refresh] done in 231ms @ http://localhost:3000/_next/static/chunks/01.s_next_dist_09bvr7k._.js:2431
[27863681ms] [LOG] [Fast Refresh] rebuilding @ http://localhost:3000/_next/static/chunks/01.s_next_dist_09bvr7k._.js:2431
[27863844ms] [LOG] [Fast Refresh] done in 273ms @ http://localhost:3000/_next/static/chunks/01.s_next_dist_09bvr7k._.js:2431
[27863999ms] [LOG] [Fast Refresh] rebuilding @ http://localhost:3000/_next/static/chunks/01.s_next_dist_09bvr7k._.js:2431
[27864032ms] [LOG] [Fast Refresh] done in 141ms @ http://localhost:3000/_next/static/chunks/01.s_next_dist_09bvr7k._.js:2431
[27865005ms] [LOG] [Fast Refresh] rebuilding @ http://localhost:3000/_next/static/chunks/01.s_next_dist_09bvr7k._.js:2431
[27865006ms] [LOG] [Fast Refresh] done in 110ms @ http://localhost:3000/_next/static/chunks/01.s_next_dist_09bvr7k._.js:2431
[30938251ms] [LOG] [HMR] connected @ http://localhost:3000/_next/static/chunks/01.s_next_dist_09bvr7k._.js:2431
[30966716ms] [LOG] [Fast Refresh] rebuilding @ http://localhost:3000/_next/static/chunks/01.s_next_dist_09bvr7k._.js:2431
[30966716ms] [LOG] [Fast Refresh] done in 110ms @ http://localhost:3000/_next/static/chunks/01.s_next_dist_09bvr7k._.js:2431
[31040837ms] [LOG] [Fast Refresh] rebuilding @ http://localhost:3000/_next/static/chunks/01.s_next_dist_09bvr7k._.js:2431
[31040838ms] [LOG] [Fast Refresh] done in 107ms @ http://localhost:3000/_next/static/chunks/01.s_next_dist_09bvr7k._.js:2431
[31158240ms] [LOG] [Fast Refresh] rebuilding @ http://localhost:3000/_next/static/chunks/01.s_next_dist_09bvr7k._.js:2431
[31158241ms] [LOG] [Fast Refresh] done in 109ms @ http://localhost:3000/_next/static/chunks/01.s_next_dist_09bvr7k._.js:2431
[38299331ms] [LOG] [HMR] connected @ http://localhost:3000/_next/static/chunks/01.s_next_dist_09bvr7k._.js:2431
[38299444ms] [LOG] [Fast Refresh] rebuilding @ http://localhost:3000/_next/static/chunks/01.s_next_dist_09bvr7k._.js:2431
[38299447ms] [LOG] [Fast Refresh] done in 109ms @ http://localhost:3000/_next/static/chunks/01.s_next_dist_09bvr7k._.js:2431
[38301060ms] [LOG] [Fast Refresh] rebuilding @ http://localhost:3000/_next/static/chunks/01.s_next_dist_09bvr7k._.js:2431
[38301168ms] [LOG] [Fast Refresh] done in 219ms @ http://localhost:3000/_next/static/chunks/01.s_next_dist_09bvr7k._.js:2431
[38308672ms] [LOG] [Fast Refresh] rebuilding @ http://localhost:3000/_next/static/chunks/01.s_next_dist_09bvr7k._.js:2431
[38308753ms] [LOG] [Fast Refresh] done in 182ms @ http://localhost:3000/_next/static/chunks/01.s_next_dist_09bvr7k._.js:2431
[41833534ms] [LOG] [Fast Refresh] rebuilding @ http://localhost:3000/_next/static/chunks/01.s_next_dist_09bvr7k._.js:2431
[41834206ms] [LOG] [Fast Refresh] done in 781ms @ http://localhost:3000/_next/static/chunks/01.s_next_dist_09bvr7k._.js:2431
[41837540ms] [LOG] [Fast Refresh] rebuilding @ http://localhost:3000/_next/static/chunks/01.s_next_dist_09bvr7k._.js:2431
[41837636ms] [LOG] [Fast Refresh] done in 205ms @ http://localhost:3000/_next/static/chunks/01.s_next_dist_09bvr7k._.js:2431
[45635769ms] [ERROR] WebSocket connection to 'ws://localhost:3000/_next/webpack-hmr?id=GeCy6BzwVDBv1Z2hTOGQV' failed: Error in connection establishment: net::ERR_NETWORK_IO_SUSPENDED @ http://localhost:3000/_next/static/chunks/01.s_next_dist_client_0kff.~a._.js:13299
[45636774ms] [LOG] [HMR] connected @ http://localhost:3000/_next/static/chunks/01.s_next_dist_09bvr7k._.js:2431
[52965945ms] [LOG] [HMR] connected @ http://localhost:3000/_next/static/chunks/01.s_next_dist_09bvr7k._.js:2431
[59882778ms] [LOG] [HMR] connected @ http://localhost:3000/_next/static/chunks/01.s_next_dist_09bvr7k._.js:2431
[67083602ms] [LOG] [HMR] connected @ http://localhost:3000/_next/static/chunks/01.s_next_dist_09bvr7k._.js:2431
[67083708ms] [LOG] [Fast Refresh] rebuilding @ http://localhost:3000/_next/static/chunks/01.s_next_dist_09bvr7k._.js:2431
[67083708ms] [LOG] [Fast Refresh] done in 104ms @ http://localhost:3000/_next/static/chunks/01.s_next_dist_09bvr7k._.js:2431
[74292677ms] [LOG] [HMR] connected @ http://localhost:3000/_next/static/chunks/01.s_next_dist_09bvr7k._.js:2431
[79281925ms] [LOG] [HMR] connected @ http://localhost:3000/_next/static/chunks/01.s_next_dist_09bvr7k._.js:2431
[79282035ms] [LOG] [Fast Refresh] rebuilding @ http://localhost:3000/_next/static/chunks/01.s_next_dist_09bvr7k._.js:2431
[79296485ms] [LOG] [Fast Refresh] done in 14555ms @ http://localhost:3000/_next/static/chunks/01.s_next_dist_09bvr7k._.js:2431
[82880480ms] [ERROR] WebSocket connection to 'ws://localhost:3000/_next/webpack-hmr?id=GeCy6BzwVDBv1Z2hTOGQV' failed: Error in connection establishment: net::ERR_CONNECTION_REFUSED @ http://localhost:3000/_next/static/chunks/01.s_next_dist_client_0kff.~a._.js:13299
[82883833ms] [ERROR] WebSocket connection to 'ws://localhost:3000/_next/webpack-hmr?id=GeCy6BzwVDBv1Z2hTOGQV' failed: Error in connection establishment: net::ERR_CONNECTION_REFUSED @ http://localhost:3000/_next/static/chunks/01.s_next_dist_client_0kff.~a._.js:13299
[82887186ms] [ERROR] WebSocket connection to 'ws://localhost:3000/_next/webpack-hmr?id=GeCy6BzwVDBv1Z2hTOGQV' failed: Error in connection establishment: net::ERR_CONNECTION_REFUSED @ http://localhost:3000/_next/static/chunks/01.s_next_dist_client_0kff.~a._.js:13299
[82890538ms] [ERROR] WebSocket connection to 'ws://localhost:3000/_next/webpack-hmr?id=GeCy6BzwVDBv1Z2hTOGQV' failed: Error in connection establishment: net::ERR_CONNECTION_REFUSED @ http://localhost:3000/_next/static/chunks/01.s_next_dist_client_0kff.~a._.js:13299
[82893886ms] [ERROR] WebSocket connection to 'ws://localhost:3000/_next/webpack-hmr?id=GeCy6BzwVDBv1Z2hTOGQV' failed: Error in connection establishment: net::ERR_CONNECTION_REFUSED @ http://localhost:3000/_next/static/chunks/01.s_next_dist_client_0kff.~a._.js:13299
[82901266ms] [ERROR] WebSocket connection to 'ws://localhost:3000/_next/webpack-hmr?id=GeCy6BzwVDBv1Z2hTOGQV' failed: Error in connection establishment: net::ERR_CONNECTION_REFUSED @ http://localhost:3000/_next/static/chunks/01.s_next_dist_client_0kff.~a._.js:13299
[82908618ms] [ERROR] WebSocket connection to 'ws://localhost:3000/_next/webpack-hmr?id=GeCy6BzwVDBv1Z2hTOGQV' failed: Error in connection establishment: net::ERR_CONNECTION_REFUSED @ http://localhost:3000/_next/static/chunks/01.s_next_dist_client_0kff.~a._.js:13299
[82915996ms] [ERROR] WebSocket connection to 'ws://localhost:3000/_next/webpack-hmr?id=GeCy6BzwVDBv1Z2hTOGQV' failed: Error in connection establishment: net::ERR_CONNECTION_REFUSED @ http://localhost:3000/_next/static/chunks/01.s_next_dist_client_0kff.~a._.js:13299
[82923351ms] [ERROR] WebSocket connection to 'ws://localhost:3000/_next/webpack-hmr?id=GeCy6BzwVDBv1Z2hTOGQV' failed: Error in connection establishment: net::ERR_CONNECTION_REFUSED @ http://localhost:3000/_next/static/chunks/01.s_next_dist_client_0kff.~a._.js:13299
[82931005ms] [ERROR] WebSocket connection to 'ws://localhost:3000/_next/webpack-hmr?id=GeCy6BzwVDBv1Z2hTOGQV' failed: Error in connection establishment: net::ERR_CONNECTION_REFUSED @ http://localhost:3000/_next/static/chunks/01.s_next_dist_client_0kff.~a._.js:13299
[82938378ms] [ERROR] WebSocket connection to 'ws://localhost:3000/_next/webpack-hmr?id=GeCy6BzwVDBv1Z2hTOGQV' failed: Error in connection establishment: net::ERR_CONNECTION_REFUSED @ http://localhost:3000/_next/static/chunks/01.s_next_dist_client_0kff.~a._.js:13299
[82945785ms] [ERROR] WebSocket connection to 'ws://localhost:3000/_next/webpack-hmr?id=GeCy6BzwVDBv1Z2hTOGQV' failed: Error in connection establishment: net::ERR_CONNECTION_REFUSED @ http://localhost:3000/_next/static/chunks/01.s_next_dist_client_0kff.~a._.js:13299
[103728135ms] [INFO] %cDownload the React DevTools for a better development experience: https://react.dev/link/react-devtools font-weight:bold @ http://localhost:3000/_next/static/chunks/01.s_next_dist_09bvr7k._.js:2431
[103728338ms] [LOG] [HMR] connected @ http://localhost:3000/_next/static/chunks/01.s_next_dist_09bvr7k._.js:2431
[104174279ms] [LOG] [Fast Refresh] rebuilding @ http://localhost:3000/_next/static/chunks/01.s_next_dist_09bvr7k._.js:2431
[104179601ms] [LOG] [Fast Refresh] done in 5427ms @ http://localhost:3000/_next/static/chunks/01.s_next_dist_09bvr7k._.js:2431
[104179729ms] [LOG] [Fast Refresh] rebuilding @ http://localhost:3000/_next/static/chunks/01.s_next_dist_09bvr7k._.js:2431
[104180016ms] [LOG] [Fast Refresh] done in 392ms @ http://localhost:3000/_next/static/chunks/01.s_next_dist_09bvr7k._.js:2431
[104180329ms] [LOG] [Fast Refresh] rebuilding @ http://localhost:3000/_next/static/chunks/01.s_next_dist_09bvr7k._.js:2431
[104180341ms] [LOG] [Fast Refresh] done in 117ms @ http://localhost:3000/_next/static/chunks/01.s_next_dist_09bvr7k._.js:2431
[104183462ms] [LOG] [Fast Refresh] rebuilding @ http://localhost:3000/_next/static/chunks/01.s_next_dist_09bvr7k._.js:2431
[104187748ms] [LOG] [Fast Refresh] done in 4389ms @ http://localhost:3000/_next/static/chunks/01.s_next_dist_09bvr7k._.js:2431
[104188176ms] [LOG] [Fast Refresh] rebuilding @ http://localhost:3000/_next/static/chunks/01.s_next_dist_09bvr7k._.js:2431
[104188179ms] [LOG] [Fast Refresh] done in 110ms @ http://localhost:3000/_next/static/chunks/01.s_next_dist_09bvr7k._.js:2431
[104190567ms] [LOG] [Fast Refresh] rebuilding @ http://localhost:3000/_next/static/chunks/01.s_next_dist_09bvr7k._.js:2431
[104191500ms] [LOG] [Fast Refresh] done in 1039ms @ http://localhost:3000/_next/static/chunks/01.s_next_dist_09bvr7k._.js:2431
[104191612ms] [LOG] [Fast Refresh] rebuilding @ http://localhost:3000/_next/static/chunks/01.s_next_dist_09bvr7k._.js:2431
[104191743ms] [LOG] [Fast Refresh] done in 234ms @ http://localhost:3000/_next/static/chunks/01.s_next_dist_09bvr7k._.js:2431
[104191865ms] [LOG] [Fast Refresh] rebuilding @ http://localhost:3000/_next/static/chunks/01.s_next_dist_09bvr7k._.js:2431
[104191874ms] [LOG] [Fast Refresh] done in 109ms @ http://localhost:3000/_next/static/chunks/01.s_next_dist_09bvr7k._.js:2431
[104213357ms] [LOG] [Fast Refresh] rebuilding @ http://localhost:3000/_next/static/chunks/01.s_next_dist_09bvr7k._.js:2431
[104213755ms] [LOG] [Fast Refresh] done in 502ms @ http://localhost:3000/_next/static/chunks/01.s_next_dist_09bvr7k._.js:2431
[104402532ms] [LOG] [Fast Refresh] rebuilding @ http://localhost:3000/_next/static/chunks/01.s_next_dist_09bvr7k._.js:2431
[104403507ms] [LOG] [Fast Refresh] done in 1073ms @ http://localhost:3000/_next/static/chunks/01.s_next_dist_09bvr7k._.js:2431
[104403631ms] [LOG] [Fast Refresh] rebuilding @ http://localhost:3000/_next/static/chunks/01.s_next_dist_09bvr7k._.js:2431
[104403943ms] [LOG] [Fast Refresh] done in 423ms @ http://localhost:3000/_next/static/chunks/01.s_next_dist_09bvr7k._.js:2431
[104404066ms] [LOG] [Fast Refresh] rebuilding @ http://localhost:3000/_next/static/chunks/01.s_next_dist_09bvr7k._.js:2431
[104404070ms] [LOG] [Fast Refresh] done in 105ms @ http://localhost:3000/_next/static/chunks/01.s_next_dist_09bvr7k._.js:2431
[104427319ms] [LOG] [Fast Refresh] rebuilding @ http://localhost:3000/_next/static/chunks/01.s_next_dist_09bvr7k._.js:2431
[104428276ms] [LOG] [Fast Refresh] done in 1063ms @ http://localhost:3000/_next/static/chunks/01.s_next_dist_09bvr7k._.js:2431
[104441902ms] [LOG] [Fast Refresh] rebuilding @ http://localhost:3000/_next/static/chunks/01.s_next_dist_09bvr7k._.js:2431
[104442193ms] [LOG] [Fast Refresh] done in 398ms @ http://localhost:3000/_next/static/chunks/01.s_next_dist_09bvr7k._.js:2431
[104546961ms] [LOG] [Fast Refresh] rebuilding @ http://localhost:3000/_next/static/chunks/01.s_next_dist_09bvr7k._.js:2431
[104546962ms] [LOG] [Fast Refresh] done in 114ms @ http://localhost:3000/_next/static/chunks/01.s_next_dist_09bvr7k._.js:2431
[104591184ms] [LOG] [Fast Refresh] rebuilding @ http://localhost:3000/_next/static/chunks/01.s_next_dist_09bvr7k._.js:2431
[104592420ms] [LOG] [Fast Refresh] done in 1342ms @ http://localhost:3000/_next/static/chunks/01.s_next_dist_09bvr7k._.js:2431
[104592543ms] [LOG] [Fast Refresh] rebuilding @ http://localhost:3000/_next/static/chunks/01.s_next_dist_09bvr7k._.js:2431
[104592864ms] [LOG] [Fast Refresh] done in 428ms @ http://localhost:3000/_next/static/chunks/01.s_next_dist_09bvr7k._.js:2431
[104592994ms] [LOG] [Fast Refresh] rebuilding @ http://localhost:3000/_next/static/chunks/01.s_next_dist_09bvr7k._.js:2431
[104593005ms] [LOG] [Fast Refresh] done in 118ms @ http://localhost:3000/_next/static/chunks/01.s_next_dist_09bvr7k._.js:2431
[104607865ms] [LOG] [Fast Refresh] rebuilding @ http://localhost:3000/_next/static/chunks/01.s_next_dist_09bvr7k._.js:2431
[104608182ms] [LOG] [Fast Refresh] done in 425ms @ http://localhost:3000/_next/static/chunks/01.s_next_dist_09bvr7k._.js:2431
[104762329ms] [LOG] [Fast Refresh] rebuilding @ http://localhost:3000/_next/static/chunks/01.s_next_dist_09bvr7k._.js:2431
[104762396ms] [LOG] [Fast Refresh] done in 171ms @ http://localhost:3000/_next/static/chunks/01.s_next_dist_09bvr7k._.js:2431
[105052669ms] [LOG] [Fast Refresh] rebuilding @ http://localhost:3000/_next/static/chunks/01.s_next_dist_09bvr7k._.js:2431
[105053496ms] [LOG] [Fast Refresh] done in 934ms @ http://localhost:3000/_next/static/chunks/01.s_next_dist_09bvr7k._.js:2431
[105053613ms] [LOG] [Fast Refresh] rebuilding @ http://localhost:3000/_next/static/chunks/01.s_next_dist_09bvr7k._.js:2431
[105053818ms] [LOG] [Fast Refresh] done in 312ms @ http://localhost:3000/_next/static/chunks/01.s_next_dist_09bvr7k._.js:2431
[105069064ms] [LOG] [Fast Refresh] rebuilding @ http://localhost:3000/_next/static/chunks/01.s_next_dist_09bvr7k._.js:2431
[105069938ms] [LOG] [Fast Refresh] done in 975ms @ http://localhost:3000/_next/static/chunks/01.s_next_dist_09bvr7k._.js:2431
[105070063ms] [LOG] [Fast Refresh] rebuilding @ http://localhost:3000/_next/static/chunks/01.s_next_dist_09bvr7k._.js:2431
[105070286ms] [LOG] [Fast Refresh] done in 335ms @ http://localhost:3000/_next/static/chunks/01.s_next_dist_09bvr7k._.js:2431
[105080515ms] [LOG] [Fast Refresh] rebuilding @ http://localhost:3000/_next/static/chunks/01.s_next_dist_09bvr7k._.js:2431
[105081286ms] [LOG] [Fast Refresh] done in 876ms @ http://localhost:3000/_next/static/chunks/01.s_next_dist_09bvr7k._.js:2431
[105087906ms] [LOG] [Fast Refresh] rebuilding @ http://localhost:3000/_next/static/chunks/01.s_next_dist_09bvr7k._.js:2431
[105088609ms] [LOG] [Fast Refresh] done in 807ms @ http://localhost:3000/_next/static/chunks/01.s_next_dist_09bvr7k._.js:2431
[105108171ms] [LOG] [Fast Refresh] rebuilding @ http://localhost:3000/_next/static/chunks/01.s_next_dist_09bvr7k._.js:2431
[105108392ms] [LOG] [Fast Refresh] done in 332ms @ http://localhost:3000/_next/static/chunks/01.s_next_dist_09bvr7k._.js:2431
[105229656ms] [LOG] [Fast Refresh] rebuilding @ http://localhost:3000/_next/static/chunks/01.s_next_dist_09bvr7k._.js:2431
[105230568ms] [LOG] [Fast Refresh] done in 1017ms @ http://localhost:3000/_next/static/chunks/01.s_next_dist_09bvr7k._.js:2431
[105230676ms] [LOG] [Fast Refresh] rebuilding @ http://localhost:3000/_next/static/chunks/01.s_next_dist_09bvr7k._.js:2431
[105230907ms] [LOG] [Fast Refresh] done in 332ms @ http://localhost:3000/_next/static/chunks/01.s_next_dist_09bvr7k._.js:2431
[105239309ms] [LOG] [Fast Refresh] rebuilding @ http://localhost:3000/_next/static/chunks/01.s_next_dist_09bvr7k._.js:2431
[105240036ms] [LOG] [Fast Refresh] done in 833ms @ http://localhost:3000/_next/static/chunks/01.s_next_dist_09bvr7k._.js:2431
[105240146ms] [LOG] [Fast Refresh] rebuilding @ http://localhost:3000/_next/static/chunks/01.s_next_dist_09bvr7k._.js:2431
[105240340ms] [LOG] [Fast Refresh] done in 296ms @ http://localhost:3000/_next/static/chunks/01.s_next_dist_09bvr7k._.js:2431
[105249579ms] [LOG] [Fast Refresh] rebuilding @ http://localhost:3000/_next/static/chunks/01.s_next_dist_09bvr7k._.js:2431
[105250636ms] [LOG] [Fast Refresh] done in 1161ms @ http://localhost:3000/_next/static/chunks/01.s_next_dist_09bvr7k._.js:2431
[105250762ms] [LOG] [Fast Refresh] rebuilding @ http://localhost:3000/_next/static/chunks/01.s_next_dist_09bvr7k._.js:2431
[105251090ms] [LOG] [Fast Refresh] done in 439ms @ http://localhost:3000/_next/static/chunks/01.s_next_dist_09bvr7k._.js:2431
[105499937ms] [LOG] [Fast Refresh] rebuilding @ http://localhost:3000/_next/static/chunks/01.s_next_dist_09bvr7k._.js:2431
[105500372ms] [LOG] [Fast Refresh] done in 550ms @ http://localhost:3000/_next/static/chunks/01.s_next_dist_09bvr7k._.js:2431
[105504946ms] [LOG] [Fast Refresh] rebuilding @ http://localhost:3000/_next/static/chunks/01.s_next_dist_09bvr7k._.js:2431
[105508882ms] [LOG] [Fast Refresh] done in 4041ms @ http://localhost:3000/_next/static/chunks/01.s_next_dist_09bvr7k._.js:2431
[105668219ms] [LOG] [Fast Refresh] rebuilding @ http://localhost:3000/_next/static/chunks/01.s_next_dist_09bvr7k._.js:2431
[105668451ms] [LOG] [Fast Refresh] done in 340ms @ http://localhost:3000/_next/static/chunks/01.s_next_dist_09bvr7k._.js:2431
[105765534ms] [LOG] [Fast Refresh] rebuilding @ http://localhost:3000/_next/static/chunks/01.s_next_dist_09bvr7k._.js:2431
[105765768ms] [LOG] [Fast Refresh] done in 311ms @ http://localhost:3000/_next/static/chunks/01.s_next_dist_09bvr7k._.js:2431
[105801456ms] [LOG] [Fast Refresh] rebuilding @ http://localhost:3000/_next/static/chunks/01.s_next_dist_09bvr7k._.js:2431
[105801566ms] [LOG] [Fast Refresh] done in 170ms @ http://localhost:3000/_next/static/chunks/01.s_next_dist_09bvr7k._.js:2431
[105817185ms] [LOG] [Fast Refresh] rebuilding @ http://localhost:3000/_next/static/chunks/01.s_next_dist_09bvr7k._.js:2431
[105817232ms] [LOG] [Fast Refresh] done in 155ms @ http://localhost:3000/_next/static/chunks/01.s_next_dist_09bvr7k._.js:2431
[105827592ms] [LOG] [Fast Refresh] rebuilding @ http://localhost:3000/_next/static/chunks/01.s_next_dist_09bvr7k._.js:2431
[105827835ms] [LOG] [Fast Refresh] done in 230ms @ http://localhost:3000/_next/static/chunks/01.s_next_dist_09bvr7k._.js:2431
[105828074ms] [LOG] [Fast Refresh] rebuilding @ http://localhost:3000/_next/static/chunks/01.s_next_dist_09bvr7k._.js:2431
[105828081ms] [LOG] [Fast Refresh] done in 107ms @ http://localhost:3000/_next/static/chunks/01.s_next_dist_09bvr7k._.js:2431
[105828341ms] [LOG] [Fast Refresh] rebuilding @ http://localhost:3000/_next/static/chunks/01.s_next_dist_09bvr7k._.js:2431
[105828344ms] [LOG] [Fast Refresh] done in 107ms @ http://localhost:3000/_next/static/chunks/01.s_next_dist_09bvr7k._.js:2431
[105828475ms] [LOG] [Fast Refresh] rebuilding @ http://localhost:3000/_next/static/chunks/01.s_next_dist_09bvr7k._.js:2431
[105828501ms] [LOG] [Fast Refresh] done in 130ms @ http://localhost:3000/_next/static/chunks/01.s_next_dist_09bvr7k._.js:2431
[105830146ms] [LOG] [Fast Refresh] rebuilding @ http://localhost:3000/_next/static/chunks/01.s_next_dist_09bvr7k._.js:2431
[105830147ms] [LOG] [Fast Refresh] done in 105ms @ http://localhost:3000/_next/static/chunks/01.s_next_dist_09bvr7k._.js:2431
[105830631ms] [LOG] [Fast Refresh] rebuilding @ http://localhost:3000/_next/static/chunks/01.s_next_dist_09bvr7k._.js:2431
[105830654ms] [LOG] [Fast Refresh] done in 128ms @ http://localhost:3000/_next/static/chunks/01.s_next_dist_09bvr7k._.js:2431
[105830787ms] [LOG] [Fast Refresh] rebuilding @ http://localhost:3000/_next/static/chunks/01.s_next_dist_09bvr7k._.js:2431
[105830789ms] [LOG] [Fast Refresh] done in 111ms @ http://localhost:3000/_next/static/chunks/01.s_next_dist_09bvr7k._.js:2431
[105845340ms] [LOG] [Fast Refresh] rebuilding @ http://localhost:3000/_next/static/chunks/01.s_next_dist_09bvr7k._.js:2431
[105846522ms] [LOG] [Fast Refresh] done in 1271ms @ http://localhost:3000/_next/static/chunks/01.s_next_dist_09bvr7k._.js:2431
[105846789ms] [LOG] [Fast Refresh] rebuilding @ http://localhost:3000/_next/static/chunks/01.s_next_dist_09bvr7k._.js:2431
[105847094ms] [LOG] [Fast Refresh] done in 411ms @ http://localhost:3000/_next/static/chunks/01.s_next_dist_09bvr7k._.js:2431
[105847224ms] [LOG] [Fast Refresh] rebuilding @ http://localhost:3000/_next/static/chunks/01.s_next_dist_09bvr7k._.js:2431
[105847256ms] [LOG] [Fast Refresh] done in 135ms @ http://localhost:3000/_next/static/chunks/01.s_next_dist_09bvr7k._.js:2431
[105849834ms] [LOG] [Fast Refresh] rebuilding @ http://localhost:3000/_next/static/chunks/01.s_next_dist_09bvr7k._.js:2431
[105849848ms] [LOG] [Fast Refresh] done in 118ms @ http://localhost:3000/_next/static/chunks/01.s_next_dist_09bvr7k._.js:2431
[105850398ms] [LOG] [Fast Refresh] rebuilding @ http://localhost:3000/_next/static/chunks/01.s_next_dist_09bvr7k._.js:2431
[105850398ms] [LOG] [Fast Refresh] done in 101ms @ http://localhost:3000/_next/static/chunks/01.s_next_dist_09bvr7k._.js:2431
[105850524ms] [LOG] [Fast Refresh] rebuilding @ http://localhost:3000/_next/static/chunks/01.s_next_dist_09bvr7k._.js:2431
[105850553ms] [LOG] [Fast Refresh] done in 130ms @ http://localhost:3000/_next/static/chunks/01.s_next_dist_09bvr7k._.js:2431
[105851668ms] [LOG] [Fast Refresh] rebuilding @ http://localhost:3000/_next/static/chunks/01.s_next_dist_09bvr7k._.js:2431
[105851701ms] [LOG] [Fast Refresh] done in 140ms @ http://localhost:3000/_next/static/chunks/01.s_next_dist_09bvr7k._.js:2431
[105851839ms] [LOG] [Fast Refresh] rebuilding @ http://localhost:3000/_next/static/chunks/01.s_next_dist_09bvr7k._.js:2431
[105851853ms] [LOG] [Fast Refresh] done in 125ms @ http://localhost:3000/_next/static/chunks/01.s_next_dist_09bvr7k._.js:2431
[105863501ms] [LOG] [Fast Refresh] rebuilding @ http://localhost:3000/_next/static/chunks/01.s_next_dist_09bvr7k._.js:2431
[105863563ms] [LOG] [Fast Refresh] done in 170ms @ http://localhost:3000/_next/static/chunks/01.s_next_dist_09bvr7k._.js:2431
[105873134ms] [LOG] [Fast Refresh] rebuilding @ http://localhost:3000/_next/static/chunks/01.s_next_dist_09bvr7k._.js:2431
[105874173ms] [LOG] [Fast Refresh] done in 1106ms @ http://localhost:3000/_next/static/chunks/01.s_next_dist_09bvr7k._.js:2431
[105874280ms] [LOG] [Fast Refresh] rebuilding @ http://localhost:3000/_next/static/chunks/01.s_next_dist_09bvr7k._.js:2431
[105875106ms] [LOG] [Fast Refresh] done in 929ms @ http://localhost:3000/_next/static/chunks/01.s_next_dist_09bvr7k._.js:2431
[105875257ms] [LOG] [Fast Refresh] rebuilding @ http://localhost:3000/_next/static/chunks/01.s_next_dist_09bvr7k._.js:2431
[105875967ms] [LOG] [Fast Refresh] done in 814ms @ http://localhost:3000/_next/static/chunks/01.s_next_dist_09bvr7k._.js:2431
[105883186ms] [LOG] [Fast Refresh] rebuilding @ http://localhost:3000/_next/static/chunks/01.s_next_dist_09bvr7k._.js:2431
[105883804ms] [LOG] [Fast Refresh] done in 724ms @ http://localhost:3000/_next/static/chunks/01.s_next_dist_09bvr7k._.js:2431
[105883907ms] [LOG] [Fast Refresh] rebuilding @ http://localhost:3000/_next/static/chunks/01.s_next_dist_09bvr7k._.js:2431
[105884331ms] [LOG] [Fast Refresh] done in 524ms @ http://localhost:3000/_next/static/chunks/01.s_next_dist_09bvr7k._.js:2431
[105889754ms] [LOG] [Fast Refresh] rebuilding @ http://localhost:3000/_next/static/chunks/01.s_next_dist_09bvr7k._.js:2431
[105890788ms] [LOG] [Fast Refresh] done in 1139ms @ http://localhost:3000/_next/static/chunks/01.s_next_dist_09bvr7k._.js:2431
[105890907ms] [LOG] [Fast Refresh] rebuilding @ http://localhost:3000/_next/static/chunks/01.s_next_dist_09bvr7k._.js:2431
[105891526ms] [LOG] [Fast Refresh] done in 725ms @ http://localhost:3000/_next/static/chunks/01.s_next_dist_09bvr7k._.js:2431
[105898260ms] [LOG] [Fast Refresh] rebuilding @ http://localhost:3000/_next/static/chunks/01.s_next_dist_09bvr7k._.js:2431
[105901112ms] [LOG] [Fast Refresh] done in 2857ms @ http://localhost:3000/_next/static/chunks/01.s_next_dist_09bvr7k._.js:2431
[105901618ms] [LOG] [Fast Refresh] rebuilding @ http://localhost:3000/_next/static/chunks/01.s_next_dist_09bvr7k._.js:2431
[105901665ms] [LOG] [Fast Refresh] done in 148ms @ http://localhost:3000/_next/static/chunks/01.s_next_dist_09bvr7k._.js:2431
[105931113ms] [LOG] [Fast Refresh] rebuilding @ http://localhost:3000/_next/static/chunks/01.s_next_dist_09bvr7k._.js:2431
[105932073ms] [LOG] [Fast Refresh] done in 1064ms @ http://localhost:3000/_next/static/chunks/01.s_next_dist_09bvr7k._.js:2431
[105932324ms] [LOG] [Fast Refresh] rebuilding @ http://localhost:3000/_next/static/chunks/01.s_next_dist_09bvr7k._.js:2431
[105932619ms] [LOG] [Fast Refresh] done in 398ms @ http://localhost:3000/_next/static/chunks/01.s_next_dist_09bvr7k._.js:2431
[105932757ms] [LOG] [Fast Refresh] rebuilding @ http://localhost:3000/_next/static/chunks/01.s_next_dist_09bvr7k._.js:2431
[105932780ms] [LOG] [Fast Refresh] done in 137ms @ http://localhost:3000/_next/static/chunks/01.s_next_dist_09bvr7k._.js:2431
[105935249ms] [LOG] [Fast Refresh] rebuilding @ http://localhost:3000/_next/static/chunks/01.s_next_dist_09bvr7k._.js:2431
[105935295ms] [LOG] [Fast Refresh] done in 145ms @ http://localhost:3000/_next/static/chunks/01.s_next_dist_09bvr7k._.js:2431
[105935424ms] [LOG] [Fast Refresh] rebuilding @ http://localhost:3000/_next/static/chunks/01.s_next_dist_09bvr7k._.js:2431
[105935432ms] [LOG] [Fast Refresh] done in 113ms @ http://localhost:3000/_next/static/chunks/01.s_next_dist_09bvr7k._.js:2431
[105935557ms] [LOG] [Fast Refresh] rebuilding @ http://localhost:3000/_next/static/chunks/01.s_next_dist_09bvr7k._.js:2431
[105935565ms] [LOG] [Fast Refresh] done in 111ms @ http://localhost:3000/_next/static/chunks/01.s_next_dist_09bvr7k._.js:2431
[105935689ms] [LOG] [Fast Refresh] rebuilding @ http://localhost:3000/_next/static/chunks/01.s_next_dist_09bvr7k._.js:2431
[105935707ms] [LOG] [Fast Refresh] done in 122ms @ http://localhost:3000/_next/static/chunks/01.s_next_dist_09bvr7k._.js:2431
[105935990ms] [LOG] [Fast Refresh] rebuilding @ http://localhost:3000/_next/static/chunks/01.s_next_dist_09bvr7k._.js:2431
[105936003ms] [LOG] [Fast Refresh] done in 119ms @ http://localhost:3000/_next/static/chunks/01.s_next_dist_09bvr7k._.js:2431
[105936307ms] [LOG] [Fast Refresh] rebuilding @ http://localhost:3000/_next/static/chunks/01.s_next_dist_09bvr7k._.js:2431
[105936317ms] [LOG] [Fast Refresh] done in 111ms @ http://localhost:3000/_next/static/chunks/01.s_next_dist_09bvr7k._.js:2431
[105936600ms] [LOG] [Fast Refresh] rebuilding @ http://localhost:3000/_next/static/chunks/01.s_next_dist_09bvr7k._.js:2431
[105936619ms] [LOG] [Fast Refresh] done in 121ms @ http://localhost:3000/_next/static/chunks/01.s_next_dist_09bvr7k._.js:2431
[106193834ms] [LOG] [Fast Refresh] rebuilding @ http://localhost:3000/_next/static/chunks/01.s_next_dist_09bvr7k._.js:2431
[106193990ms] [LOG] [Fast Refresh] done in 258ms @ http://localhost:3000/_next/static/chunks/01.s_next_dist_09bvr7k._.js:2431
[106197658ms] [LOG] [Fast Refresh] rebuilding @ http://localhost:3000/_next/static/chunks/01.s_next_dist_09bvr7k._.js:2431
[106197834ms] [LOG] [Fast Refresh] done in 279ms @ http://localhost:3000/_next/static/chunks/01.s_next_dist_09bvr7k._.js:2431
[106198362ms] [LOG] [Fast Refresh] rebuilding @ http://localhost:3000/_next/static/chunks/01.s_next_dist_09bvr7k._.js:2431
[106198519ms] [LOG] [Fast Refresh] done in 272ms @ http://localhost:3000/_next/static/chunks/01.s_next_dist_09bvr7k._.js:2431
[106199623ms] [LOG] [Fast Refresh] rebuilding @ http://localhost:3000/_next/static/chunks/01.s_next_dist_09bvr7k._.js:2431
[106199719ms] [LOG] [Fast Refresh] done in 203ms @ http://localhost:3000/_next/static/chunks/01.s_next_dist_09bvr7k._.js:2431
[106217508ms] [LOG] [Fast Refresh] rebuilding @ http://localhost:3000/_next/static/chunks/01.s_next_dist_09bvr7k._.js:2431
[106218880ms] [LOG] [Fast Refresh] done in 1482ms @ http://localhost:3000/_next/static/chunks/01.s_next_dist_09bvr7k._.js:2431
[106219365ms] [LOG] [Fast Refresh] rebuilding @ http://localhost:3000/_next/static/chunks/01.s_next_dist_09bvr7k._.js:2431
[106219728ms] [LOG] [Fast Refresh] done in 471ms @ http://localhost:3000/_next/static/chunks/01.s_next_dist_09bvr7k._.js:2431
[106420909ms] [LOG] [Fast Refresh] rebuilding @ http://localhost:3000/_next/static/chunks/01.s_next_dist_09bvr7k._.js:2431
[106420976ms] [LOG] [Fast Refresh] done in 170ms @ http://localhost:3000/_next/static/chunks/01.s_next_dist_09bvr7k._.js:2431
[106447653ms] [LOG] [Fast Refresh] rebuilding @ http://localhost:3000/_next/static/chunks/01.s_next_dist_09bvr7k._.js:2431
[106447713ms] [LOG] [Fast Refresh] done in 169ms @ http://localhost:3000/_next/static/chunks/01.s_next_dist_09bvr7k._.js:2431
[106454055ms] [LOG] [Fast Refresh] rebuilding @ http://localhost:3000/_next/static/chunks/01.s_next_dist_09bvr7k._.js:2431
[106454592ms] [LOG] [Fast Refresh] done in 641ms @ http://localhost:3000/_next/static/chunks/01.s_next_dist_09bvr7k._.js:2431
[106454707ms] [LOG] [Fast Refresh] rebuilding @ http://localhost:3000/_next/static/chunks/01.s_next_dist_09bvr7k._.js:2431
[106454818ms] [LOG] [Fast Refresh] done in 216ms @ http://localhost:3000/_next/static/chunks/01.s_next_dist_09bvr7k._.js:2431
[106454925ms] [LOG] [Fast Refresh] rebuilding @ http://localhost:3000/_next/static/chunks/01.s_next_dist_09bvr7k._.js:2431
[106455327ms] [LOG] [Fast Refresh] done in 504ms @ http://localhost:3000/_next/static/chunks/01.s_next_dist_09bvr7k._.js:2431
[106461407ms] [LOG] [Fast Refresh] rebuilding @ http://localhost:3000/_next/static/chunks/01.s_next_dist_09bvr7k._.js:2431
[106462338ms] [LOG] [Fast Refresh] done in 1037ms @ http://localhost:3000/_next/static/chunks/01.s_next_dist_09bvr7k._.js:2431
[106462448ms] [LOG] [Fast Refresh] rebuilding @ http://localhost:3000/_next/static/chunks/01.s_next_dist_09bvr7k._.js:2431
[106462548ms] [LOG] [Fast Refresh] done in 201ms @ http://localhost:3000/_next/static/chunks/01.s_next_dist_09bvr7k._.js:2431
[106462657ms] [LOG] [Fast Refresh] rebuilding @ http://localhost:3000/_next/static/chunks/01.s_next_dist_09bvr7k._.js:2431
[106463095ms] [LOG] [Fast Refresh] done in 541ms @ http://localhost:3000/_next/static/chunks/01.s_next_dist_09bvr7k._.js:2431
[106463274ms] [LOG] [Fast Refresh] rebuilding @ http://localhost:3000/_next/static/chunks/01.s_next_dist_09bvr7k._.js:2431
[106463276ms] [LOG] [Fast Refresh] done in 104ms @ http://localhost:3000/_next/static/chunks/01.s_next_dist_09bvr7k._.js:2431
[106533347ms] [LOG] [Fast Refresh] rebuilding @ http://localhost:3000/_next/static/chunks/01.s_next_dist_09bvr7k._.js:2431
[106534476ms] [LOG] [Fast Refresh] done in 1232ms @ http://localhost:3000/_next/static/chunks/01.s_next_dist_09bvr7k._.js:2431
[106534681ms] [LOG] [Fast Refresh] rebuilding @ http://localhost:3000/_next/static/chunks/01.s_next_dist_09bvr7k._.js:2431
[106534697ms] [LOG] [Fast Refresh] done in 116ms @ http://localhost:3000/_next/static/chunks/01.s_next_dist_09bvr7k._.js:2431
[106534805ms] [LOG] [Fast Refresh] rebuilding @ http://localhost:3000/_next/static/chunks/01.s_next_dist_09bvr7k._.js:2431
[106534955ms] [LOG] [Fast Refresh] done in 250ms @ http://localhost:3000/_next/static/chunks/01.s_next_dist_09bvr7k._.js:2431
[106535084ms] [LOG] [Fast Refresh] rebuilding @ http://localhost:3000/_next/static/chunks/01.s_next_dist_09bvr7k._.js:2431
[106535134ms] [LOG] [Fast Refresh] done in 158ms @ http://localhost:3000/_next/static/chunks/01.s_next_dist_09bvr7k._.js:2431
[106535423ms] [LOG] [Fast Refresh] rebuilding @ http://localhost:3000/_next/static/chunks/01.s_next_dist_09bvr7k._.js:2431
[106535437ms] [LOG] [Fast Refresh] done in 128ms @ http://localhost:3000/_next/static/chunks/01.s_next_dist_09bvr7k._.js:2431
[106535549ms] [LOG] [Fast Refresh] rebuilding @ http://localhost:3000/_next/static/chunks/01.s_next_dist_09bvr7k._.js:2431
[106535593ms] [LOG] [Fast Refresh] done in 147ms @ http://localhost:3000/_next/static/chunks/01.s_next_dist_09bvr7k._.js:2431
[106536041ms] [LOG] [Fast Refresh] rebuilding @ http://localhost:3000/_next/static/chunks/01.s_next_dist_09bvr7k._.js:2431
[106536053ms] [LOG] [Fast Refresh] done in 118ms @ http://localhost:3000/_next/static/chunks/01.s_next_dist_09bvr7k._.js:2431
[106536517ms] [LOG] [Fast Refresh] rebuilding @ http://localhost:3000/_next/static/chunks/01.s_next_dist_09bvr7k._.js:2431
[106536555ms] [LOG] [Fast Refresh] done in 139ms @ http://localhost:3000/_next/static/chunks/01.s_next_dist_09bvr7k._.js:2431
[106537447ms] [LOG] [Fast Refresh] rebuilding @ http://localhost:3000/_next/static/chunks/01.s_next_dist_09bvr7k._.js:2431
[106537475ms] [LOG] [Fast Refresh] done in 132ms @ http://localhost:3000/_next/static/chunks/01.s_next_dist_09bvr7k._.js:2431
[106537576ms] [LOG] [Fast Refresh] rebuilding @ http://localhost:3000/_next/static/chunks/01.s_next_dist_09bvr7k._.js:2431
[106537580ms] [LOG] [Fast Refresh] done in 104ms @ http://localhost:3000/_next/static/chunks/01.s_next_dist_09bvr7k._.js:2431
[106540408ms] [LOG] [Fast Refresh] rebuilding @ http://localhost:3000/_next/static/chunks/01.s_next_dist_09bvr7k._.js:2431
[106540408ms] [LOG] [Fast Refresh] done in 102ms @ http://localhost:3000/_next/static/chunks/01.s_next_dist_09bvr7k._.js:2431
[106540651ms] [LOG] [Fast Refresh] rebuilding @ http://localhost:3000/_next/static/chunks/01.s_next_dist_09bvr7k._.js:2431
[106540664ms] [LOG] [Fast Refresh] done in 116ms @ http://localhost:3000/_next/static/chunks/01.s_next_dist_09bvr7k._.js:2431
[106540790ms] [LOG] [Fast Refresh] rebuilding @ http://localhost:3000/_next/static/chunks/01.s_next_dist_09bvr7k._.js:2431
[106540807ms] [LOG] [Fast Refresh] done in 123ms @ http://localhost:3000/_next/static/chunks/01.s_next_dist_09bvr7k._.js:2431
[106540975ms] [LOG] [Fast Refresh] rebuilding @ http://localhost:3000/_next/static/chunks/01.s_next_dist_09bvr7k._.js:2431
[106540976ms] [LOG] [Fast Refresh] done in 102ms @ http://localhost:3000/_next/static/chunks/01.s_next_dist_09bvr7k._.js:2431
[106564496ms] [LOG] [Fast Refresh] rebuilding @ http://localhost:3000/_next/static/chunks/01.s_next_dist_09bvr7k._.js:2431
[106565383ms] [LOG] [Fast Refresh] done in 984ms @ http://localhost:3000/_next/static/chunks/01.s_next_dist_09bvr7k._.js:2431
[106565507ms] [LOG] [Fast Refresh] rebuilding @ http://localhost:3000/_next/static/chunks/01.s_next_dist_09bvr7k._.js:2431
[106565574ms] [LOG] [Fast Refresh] done in 169ms @ http://localhost:3000/_next/static/chunks/01.s_next_dist_09bvr7k._.js:2431
[106609488ms] [LOG] [Fast Refresh] rebuilding @ http://localhost:3000/_next/static/chunks/01.s_next_dist_09bvr7k._.js:2431
[106610387ms] [LOG] [Fast Refresh] done in 1013ms @ http://localhost:3000/_next/static/chunks/01.s_next_dist_09bvr7k._.js:2431
[106717270ms] [LOG] [Fast Refresh] rebuilding @ http://localhost:3000/_next/static/chunks/01.s_next_dist_09bvr7k._.js:2431
[106717282ms] [LOG] [Fast Refresh] done in 126ms @ http://localhost:3000/_next/static/chunks/01.s_next_dist_09bvr7k._.js:2431
[107136370ms] [LOG] [Fast Refresh] rebuilding @ http://localhost:3000/_next/static/chunks/01.s_next_dist_09bvr7k._.js:2431
[107136555ms] [LOG] [Fast Refresh] done in 302ms @ http://localhost:3000/_next/static/chunks/01.s_next_dist_09bvr7k._.js:2431
[107137909ms] [LOG] [Fast Refresh] rebuilding @ http://localhost:3000/_next/static/chunks/01.s_next_dist_09bvr7k._.js:2431
[107138830ms] [LOG] [Fast Refresh] done in 1024ms @ http://localhost:3000/_next/static/chunks/01.s_next_dist_09bvr7k._.js:2431
[107213262ms] [LOG] [Fast Refresh] rebuilding @ http://localhost:3000/_next/static/chunks/01.s_next_dist_09bvr7k._.js:2431
[107214467ms] [LOG] [Fast Refresh] done in 1308ms @ http://localhost:3000/_next/static/chunks/01.s_next_dist_09bvr7k._.js:2431
[107214584ms] [LOG] [Fast Refresh] rebuilding @ http://localhost:3000/_next/static/chunks/01.s_next_dist_09bvr7k._.js:2431
[107214902ms] [LOG] [Fast Refresh] done in 425ms @ http://localhost:3000/_next/static/chunks/01.s_next_dist_09bvr7k._.js:2431
[107269136ms] [LOG] [Fast Refresh] rebuilding @ http://localhost:3000/_next/static/chunks/01.s_next_dist_09bvr7k._.js:2431
[107270222ms] [LOG] [Fast Refresh] done in 1191ms @ http://localhost:3000/_next/static/chunks/01.s_next_dist_09bvr7k._.js:2431
[107270341ms] [LOG] [Fast Refresh] rebuilding @ http://localhost:3000/_next/static/chunks/01.s_next_dist_09bvr7k._.js:2431
[107270628ms] [LOG] [Fast Refresh] done in 397ms @ http://localhost:3000/_next/static/chunks/01.s_next_dist_09bvr7k._.js:2431
[107284944ms] [LOG] [Fast Refresh] rebuilding @ http://localhost:3000/_next/static/chunks/01.s_next_dist_09bvr7k._.js:2431
[107286002ms] [LOG] [Fast Refresh] done in 1164ms @ http://localhost:3000/_next/static/chunks/01.s_next_dist_09bvr7k._.js:2431
[107286115ms] [LOG] [Fast Refresh] rebuilding @ http://localhost:3000/_next/static/chunks/01.s_next_dist_09bvr7k._.js:2431
[107286380ms] [LOG] [Fast Refresh] done in 371ms @ http://localhost:3000/_next/static/chunks/01.s_next_dist_09bvr7k._.js:2431
[107295952ms] [LOG] [Fast Refresh] rebuilding @ http://localhost:3000/_next/static/chunks/01.s_next_dist_09bvr7k._.js:2431
[107297743ms] [LOG] [Fast Refresh] done in 1897ms @ http://localhost:3000/_next/static/chunks/01.s_next_dist_09bvr7k._.js:2431
[107297861ms] [LOG] [Fast Refresh] rebuilding @ http://localhost:3000/_next/static/chunks/01.s_next_dist_09bvr7k._.js:2431
[107298171ms] [LOG] [Fast Refresh] done in 410ms @ http://localhost:3000/_next/static/chunks/01.s_next_dist_09bvr7k._.js:2431
[107306246ms] [LOG] [Fast Refresh] rebuilding @ http://localhost:3000/_next/static/chunks/01.s_next_dist_09bvr7k._.js:2431
[107307318ms] [LOG] [Fast Refresh] done in 1181ms @ http://localhost:3000/_next/static/chunks/01.s_next_dist_09bvr7k._.js:2431
[107307433ms] [LOG] [Fast Refresh] rebuilding @ http://localhost:3000/_next/static/chunks/01.s_next_dist_09bvr7k._.js:2431
[107307733ms] [LOG] [Fast Refresh] done in 404ms @ http://localhost:3000/_next/static/chunks/01.s_next_dist_09bvr7k._.js:2431
[107315894ms] [LOG] [Fast Refresh] rebuilding @ http://localhost:3000/_next/static/chunks/01.s_next_dist_09bvr7k._.js:2431
[107316876ms] [LOG] [Fast Refresh] done in 1088ms @ http://localhost:3000/_next/static/chunks/01.s_next_dist_09bvr7k._.js:2431
[107316992ms] [LOG] [Fast Refresh] rebuilding @ http://localhost:3000/_next/static/chunks/01.s_next_dist_09bvr7k._.js:2431
[107317204ms] [LOG] [Fast Refresh] done in 318ms @ http://localhost:3000/_next/static/chunks/01.s_next_dist_09bvr7k._.js:2431
[107326030ms] [LOG] [Fast Refresh] rebuilding @ http://localhost:3000/_next/static/chunks/01.s_next_dist_09bvr7k._.js:2431
[107326960ms] [LOG] [Fast Refresh] done in 1032ms @ http://localhost:3000/_next/static/chunks/01.s_next_dist_09bvr7k._.js:2431
[107327071ms] [LOG] [Fast Refresh] rebuilding @ http://localhost:3000/_next/static/chunks/01.s_next_dist_09bvr7k._.js:2431
[107327318ms] [LOG] [Fast Refresh] done in 348ms @ http://localhost:3000/_next/static/chunks/01.s_next_dist_09bvr7k._.js:2431
[107353260ms] [LOG] [Fast Refresh] rebuilding @ http://localhost:3000/_next/static/chunks/01.s_next_dist_09bvr7k._.js:2431
[107353760ms] [LOG] [Fast Refresh] done in 610ms @ http://localhost:3000/_next/static/chunks/01.s_next_dist_09bvr7k._.js:2431
[107353892ms] [LOG] [Fast Refresh] rebuilding @ http://localhost:3000/_next/static/chunks/01.s_next_dist_09bvr7k._.js:2431
[107354177ms] [LOG] [Fast Refresh] done in 397ms @ http://localhost:3000/_next/static/chunks/01.s_next_dist_09bvr7k._.js:2431
[107398728ms] [LOG] [Fast Refresh] rebuilding @ http://localhost:3000/_next/static/chunks/01.s_next_dist_09bvr7k._.js:2431
[107398744ms] [LOG] [Fast Refresh] done in 118ms @ http://localhost:3000/_next/static/chunks/01.s_next_dist_09bvr7k._.js:2431
[107515879ms] [LOG] [Fast Refresh] rebuilding @ http://localhost:3000/_next/static/chunks/01.s_next_dist_09bvr7k._.js:2431
[107516722ms] [LOG] [Fast Refresh] done in 954ms @ http://localhost:3000/_next/static/chunks/01.s_next_dist_09bvr7k._.js:2431
[107516836ms] [LOG] [Fast Refresh] rebuilding @ http://localhost:3000/_next/static/chunks/01.s_next_dist_09bvr7k._.js:2431
[107517132ms] [LOG] [Fast Refresh] done in 396ms @ http://localhost:3000/_next/static/chunks/01.s_next_dist_09bvr7k._.js:2431
[107525725ms] [LOG] [Fast Refresh] rebuilding @ http://localhost:3000/_next/static/chunks/01.s_next_dist_09bvr7k._.js:2431
[107526640ms] [LOG] [Fast Refresh] done in 1019ms @ http://localhost:3000/_next/static/chunks/01.s_next_dist_09bvr7k._.js:2431
[107535859ms] [LOG] [Fast Refresh] rebuilding @ http://localhost:3000/_next/static/chunks/01.s_next_dist_09bvr7k._.js:2431
[107536779ms] [LOG] [Fast Refresh] done in 1025ms @ http://localhost:3000/_next/static/chunks/01.s_next_dist_09bvr7k._.js:2431
[107536903ms] [LOG] [Fast Refresh] rebuilding @ http://localhost:3000/_next/static/chunks/01.s_next_dist_09bvr7k._.js:2431
[107537066ms] [LOG] [Fast Refresh] done in 274ms @ http://localhost:3000/_next/static/chunks/01.s_next_dist_09bvr7k._.js:2431
[107537193ms] [LOG] [Fast Refresh] rebuilding @ http://localhost:3000/_next/static/chunks/01.s_next_dist_09bvr7k._.js:2431
[107537212ms] [LOG] [Fast Refresh] done in 124ms @ http://localhost:3000/_next/static/chunks/01.s_next_dist_09bvr7k._.js:2431
[107617598ms] [LOG] [Fast Refresh] rebuilding @ http://localhost:3000/_next/static/chunks/01.s_next_dist_09bvr7k._.js:2431
[107619442ms] [LOG] [Fast Refresh] done in 1932ms @ http://localhost:3000/_next/static/chunks/01.s_next_dist_09bvr7k._.js:2431
[107619570ms] [LOG] [Fast Refresh] rebuilding @ http://localhost:3000/_next/static/chunks/01.s_next_dist_09bvr7k._.js:2431
[107619931ms] [LOG] [Fast Refresh] done in 470ms @ http://localhost:3000/_next/static/chunks/01.s_next_dist_09bvr7k._.js:2431
[107658174ms] [LOG] [Fast Refresh] rebuilding @ http://localhost:3000/_next/static/chunks/01.s_next_dist_09bvr7k._.js:2431
[107660054ms] [LOG] [Fast Refresh] done in 1949ms @ http://localhost:3000/_next/static/chunks/01.s_next_dist_09bvr7k._.js:2431
[107660192ms] [LOG] [Fast Refresh] rebuilding @ http://localhost:3000/_next/static/chunks/01.s_next_dist_09bvr7k._.js:2431
[107660576ms] [LOG] [Fast Refresh] done in 494ms @ http://localhost:3000/_next/static/chunks/01.s_next_dist_09bvr7k._.js:2431
[107672723ms] [LOG] [Fast Refresh] rebuilding @ http://localhost:3000/_next/static/chunks/01.s_next_dist_09bvr7k._.js:2431
[107674490ms] [LOG] [Fast Refresh] done in 1856ms @ http://localhost:3000/_next/static/chunks/01.s_next_dist_09bvr7k._.js:2431
[107674616ms] [LOG] [Fast Refresh] rebuilding @ http://localhost:3000/_next/static/chunks/01.s_next_dist_09bvr7k._.js:2431
[107674954ms] [LOG] [Fast Refresh] done in 442ms @ http://localhost:3000/_next/static/chunks/01.s_next_dist_09bvr7k._.js:2431
[107743624ms] [LOG] [Fast Refresh] rebuilding @ http://localhost:3000/_next/static/chunks/01.s_next_dist_09bvr7k._.js:2431
[107743686ms] [LOG] [Fast Refresh] done in 174ms @ http://localhost:3000/_next/static/chunks/01.s_next_dist_09bvr7k._.js:2431
[107958860ms] [ERROR] WebSocket connection to 'ws://localhost:3000/_next/webpack-hmr?id=R6oaWw9jJmjuWABpeD04I' failed: Error in connection establishment: net::ERR_CONNECTION_REFUSED @ http://localhost:3000/_next/static/chunks/01.s_next_dist_client_0kff.~a._.js:13299
[107962210ms] [ERROR] WebSocket connection to 'ws://localhost:3000/_next/webpack-hmr?id=R6oaWw9jJmjuWABpeD04I' failed: Error in connection establishment: net::ERR_CONNECTION_REFUSED @ http://localhost:3000/_next/static/chunks/01.s_next_dist_client_0kff.~a._.js:13299
[107965577ms] [ERROR] WebSocket connection to 'ws://localhost:3000/_next/webpack-hmr?id=R6oaWw9jJmjuWABpeD04I' failed: Error in connection establishment: net::ERR_CONNECTION_REFUSED @ http://localhost:3000/_next/static/chunks/01.s_next_dist_client_0kff.~a._.js:13299
[107968926ms] [ERROR] WebSocket connection to 'ws://localhost:3000/_next/webpack-hmr?id=R6oaWw9jJmjuWABpeD04I' failed: Error in connection establishment: net::ERR_CONNECTION_REFUSED @ http://localhost:3000/_next/static/chunks/01.s_next_dist_client_0kff.~a._.js:13299
[107972276ms] [ERROR] WebSocket connection to 'ws://localhost:3000/_next/webpack-hmr?id=R6oaWw9jJmjuWABpeD04I' failed: Error in connection establishment: net::ERR_CONNECTION_REFUSED @ http://localhost:3000/_next/static/chunks/01.s_next_dist_client_0kff.~a._.js:13299
[107979622ms] [ERROR] WebSocket connection to 'ws://localhost:3000/_next/webpack-hmr?id=R6oaWw9jJmjuWABpeD04I' failed: Error in connection establishment: net::ERR_CONNECTION_REFUSED @ http://localhost:3000/_next/static/chunks/01.s_next_dist_client_0kff.~a._.js:13299
[107986990ms] [ERROR] WebSocket connection to 'ws://localhost:3000/_next/webpack-hmr?id=R6oaWw9jJmjuWABpeD04I' failed: Error in connection establishment: net::ERR_CONNECTION_REFUSED @ http://localhost:3000/_next/static/chunks/01.s_next_dist_client_0kff.~a._.js:13299
[107992718ms] [LOG] [HMR] connected @ http://localhost:3000/_next/static/chunks/01.s_next_dist_09bvr7k._.js:2431
[107995065ms] [INFO] %cDownload the React DevTools for a better development experience: https://react.dev/link/react-devtools font-weight:bold @ http://localhost:3000/_next/static/chunks/01.s_next_dist_09bvr7k._.js:2431
[107995301ms] [LOG] [HMR] connected @ http://localhost:3000/_next/static/chunks/01.s_next_dist_09bvr7k._.js:2431
[107995574ms] [LOG] [Fast Refresh] rebuilding @ http://localhost:3000/_next/static/chunks/01.s_next_dist_09bvr7k._.js:2431
[107995799ms] [LOG] [Fast Refresh] done in 337ms @ http://localhost:3000/_next/static/chunks/01.s_next_dist_09bvr7k._.js:2431
[107998394ms] [LOG] [Fast Refresh] rebuilding @ http://localhost:3000/_next/static/chunks/01.s_next_dist_09bvr7k._.js:2431
[107998442ms] [LOG] [Fast Refresh] done in 158ms @ http://localhost:3000/_next/static/chunks/01.s_next_dist_09bvr7k._.js:2431
[107998660ms] [LOG] [Fast Refresh] rebuilding @ http://localhost:3000/_next/static/chunks/01.s_next_dist_09bvr7k._.js:2431
[107998665ms] [LOG] [Fast Refresh] done in 116ms @ http://localhost:3000/_next/static/chunks/01.s_next_dist_09bvr7k._.js:2431
[107998809ms] [LOG] [Fast Refresh] rebuilding @ http://localhost:3000/_next/static/chunks/01.s_next_dist_09bvr7k._.js:2431
[107998855ms] [LOG] [Fast Refresh] done in 159ms @ http://localhost:3000/_next/static/chunks/01.s_next_dist_09bvr7k._.js:2431
[109357302ms] [LOG] [Fast Refresh] rebuilding @ http://localhost:3000/_next/static/chunks/01.s_next_dist_09bvr7k._.js:2431
[109358278ms] [LOG] [Fast Refresh] done in 1081ms @ http://localhost:3000/_next/static/chunks/01.s_next_dist_09bvr7k._.js:2431
[109358393ms] [LOG] [Fast Refresh] rebuilding @ http://localhost:3000/_next/static/chunks/01.s_next_dist_09bvr7k._.js:2431
[109358434ms] [LOG] [Fast Refresh] done in 145ms @ http://localhost:3000/_next/static/chunks/01.s_next_dist_09bvr7k._.js:2431
[109358543ms] [LOG] [Fast Refresh] rebuilding @ http://localhost:3000/_next/static/chunks/01.s_next_dist_09bvr7k._.js:2431
[109358664ms] [LOG] [Fast Refresh] done in 226ms @ http://localhost:3000/_next/static/chunks/01.s_next_dist_09bvr7k._.js:2431
[109390477ms] [LOG] [Fast Refresh] rebuilding @ http://localhost:3000/_next/static/chunks/01.s_next_dist_09bvr7k._.js:2431
[109391329ms] [LOG] [Fast Refresh] done in 928ms @ http://localhost:3000/_next/static/chunks/01.s_next_dist_09bvr7k._.js:2431
[109391443ms] [LOG] [Fast Refresh] rebuilding @ http://localhost:3000/_next/static/chunks/01.s_next_dist_09bvr7k._.js:2431
[109391448ms] [LOG] [Fast Refresh] done in 106ms @ http://localhost:3000/_next/static/chunks/01.s_next_dist_09bvr7k._.js:2431
[109391568ms] [LOG] [Fast Refresh] rebuilding @ http://localhost:3000/_next/static/chunks/01.s_next_dist_09bvr7k._.js:2431
[109391644ms] [LOG] [Fast Refresh] done in 183ms @ http://localhost:3000/_next/static/chunks/01.s_next_dist_09bvr7k._.js:2431
[109419378ms] [LOG] [Fast Refresh] rebuilding @ http://localhost:3000/_next/static/chunks/01.s_next_dist_09bvr7k._.js:2431
[109420102ms] [LOG] [Fast Refresh] done in 813ms @ http://localhost:3000/_next/static/chunks/01.s_next_dist_09bvr7k._.js:2431
[109436311ms] [LOG] [Fast Refresh] rebuilding @ http://localhost:3000/_next/static/chunks/01.s_next_dist_09bvr7k._.js:2431
[109437023ms] [LOG] [Fast Refresh] done in 791ms @ http://localhost:3000/_next/static/chunks/01.s_next_dist_09bvr7k._.js:2431
[109437243ms] [LOG] [Fast Refresh] rebuilding @ http://localhost:3000/_next/static/chunks/01.s_next_dist_09bvr7k._.js:2431
[109437271ms] [LOG] [Fast Refresh] done in 134ms @ http://localhost:3000/_next/static/chunks/01.s_next_dist_09bvr7k._.js:2431
[109470894ms] [ERROR] WebSocket connection to 'ws://localhost:3000/_next/webpack-hmr?id=8Lr7OIzyM-Lc6Zf-zMqdA' failed: Error in connection establishment: net::ERR_CONNECTION_REFUSED @ http://localhost:3000/_next/static/chunks/01.s_next_dist_client_0kff.~a._.js:13299
[109474233ms] [ERROR] WebSocket connection to 'ws://localhost:3000/_next/webpack-hmr?id=8Lr7OIzyM-Lc6Zf-zMqdA' failed: Error in connection establishment: net::ERR_CONNECTION_REFUSED @ http://localhost:3000/_next/static/chunks/01.s_next_dist_client_0kff.~a._.js:13299
[109477592ms] [ERROR] WebSocket connection to 'ws://localhost:3000/_next/webpack-hmr?id=8Lr7OIzyM-Lc6Zf-zMqdA' failed: Error in connection establishment: net::ERR_CONNECTION_REFUSED @ http://localhost:3000/_next/static/chunks/01.s_next_dist_client_0kff.~a._.js:13299
[109480931ms] [ERROR] WebSocket connection to 'ws://localhost:3000/_next/webpack-hmr?id=8Lr7OIzyM-Lc6Zf-zMqdA' failed: Error in connection establishment: net::ERR_CONNECTION_REFUSED @ http://localhost:3000/_next/static/chunks/01.s_next_dist_client_0kff.~a._.js:13299
[109484298ms] [ERROR] WebSocket connection to 'ws://localhost:3000/_next/webpack-hmr?id=8Lr7OIzyM-Lc6Zf-zMqdA' failed: Error in connection establishment: net::ERR_CONNECTION_REFUSED @ http://localhost:3000/_next/static/chunks/01.s_next_dist_client_0kff.~a._.js:13299
[109491646ms] [ERROR] WebSocket connection to 'ws://localhost:3000/_next/webpack-hmr?id=8Lr7OIzyM-Lc6Zf-zMqdA' failed: Error in connection establishment: net::ERR_CONNECTION_REFUSED @ http://localhost:3000/_next/static/chunks/01.s_next_dist_client_0kff.~a._.js:13299
[109499009ms] [ERROR] WebSocket connection to 'ws://localhost:3000/_next/webpack-hmr?id=8Lr7OIzyM-Lc6Zf-zMqdA' failed: Error in connection establishment: net::ERR_CONNECTION_REFUSED @ http://localhost:3000/_next/static/chunks/01.s_next_dist_client_0kff.~a._.js:13299
[109504672ms] [LOG] [HMR] connected @ http://localhost:3000/_next/static/chunks/01.s_next_dist_09bvr7k._.js:2431
[109507153ms] [INFO] %cDownload the React DevTools for a better development experience: https://react.dev/link/react-devtools font-weight:bold @ http://localhost:3000/_next/static/chunks/01.s_next_dist_09bvr7k._.js:2431
[109507356ms] [LOG] [HMR] connected @ http://localhost:3000/_next/static/chunks/01.s_next_dist_09bvr7k._.js:2431
[109507470ms] [LOG] [Fast Refresh] rebuilding @ http://localhost:3000/_next/static/chunks/01.s_next_dist_09bvr7k._.js:2431
[109507694ms] [LOG] [Fast Refresh] done in 324ms @ http://localhost:3000/_next/static/chunks/01.s_next_dist_09bvr7k._.js:2431
[109510123ms] [LOG] [Fast Refresh] rebuilding @ http://localhost:3000/_next/static/chunks/01.s_next_dist_09bvr7k._.js:2431
[109510124ms] [LOG] [Fast Refresh] done in 104ms @ http://localhost:3000/_next/static/chunks/01.s_next_dist_09bvr7k._.js:2431
[109512760ms] [LOG] [Fast Refresh] rebuilding @ http://localhost:3000/_next/static/chunks/01.s_next_dist_09bvr7k._.js:2431
[109512782ms] [LOG] [Fast Refresh] done in 134ms @ http://localhost:3000/_next/static/chunks/01.s_next_dist_09bvr7k._.js:2431
[114716032ms] [LOG] [Fast Refresh] rebuilding @ http://localhost:3000/_next/static/chunks/01.s_next_dist_09bvr7k._.js:2431
[114716032ms] [LOG] [Fast Refresh] done in 108ms @ http://localhost:3000/_next/static/chunks/01.s_next_dist_09bvr7k._.js:2431
[114717366ms] [LOG] [Fast Refresh] rebuilding @ http://localhost:3000/_next/static/chunks/01.s_next_dist_09bvr7k._.js:2431
[114717367ms] [LOG] [Fast Refresh] done in 110ms @ http://localhost:3000/_next/static/chunks/01.s_next_dist_09bvr7k._.js:2431
[114717509ms] [LOG] [Fast Refresh] rebuilding @ http://localhost:3000/_next/static/chunks/01.s_next_dist_09bvr7k._.js:2431
[114717510ms] [LOG] [Fast Refresh] done in 111ms @ http://localhost:3000/_next/static/chunks/01.s_next_dist_09bvr7k._.js:2431
[114717834ms] [LOG] [Fast Refresh] rebuilding @ http://localhost:3000/_next/static/chunks/01.s_next_dist_09bvr7k._.js:2431
[114717867ms] [LOG] [Fast Refresh] done in 140ms @ http://localhost:3000/_next/static/chunks/01.s_next_dist_09bvr7k._.js:2431
[114718209ms] [LOG] [Fast Refresh] rebuilding @ http://localhost:3000/_next/static/chunks/01.s_next_dist_09bvr7k._.js:2431
[114718209ms] [LOG] [Fast Refresh] done in 104ms @ http://localhost:3000/_next/static/chunks/01.s_next_dist_09bvr7k._.js:2431
[114718790ms] [LOG] [Fast Refresh] rebuilding @ http://localhost:3000/_next/static/chunks/01.s_next_dist_09bvr7k._.js:2431
[114718806ms] [LOG] [Fast Refresh] done in 126ms @ http://localhost:3000/_next/static/chunks/01.s_next_dist_09bvr7k._.js:2431
[114719228ms] [LOG] [Fast Refresh] rebuilding @ http://localhost:3000/_next/static/chunks/01.s_next_dist_09bvr7k._.js:2431
[114719229ms] [LOG] [Fast Refresh] done in 104ms @ http://localhost:3000/_next/static/chunks/01.s_next_dist_09bvr7k._.js:2431
[114723463ms] [LOG] [Fast Refresh] rebuilding @ http://localhost:3000/_next/static/chunks/01.s_next_dist_09bvr7k._.js:2431
[114723464ms] [LOG] [Fast Refresh] done in 107ms @ http://localhost:3000/_next/static/chunks/01.s_next_dist_09bvr7k._.js:2431
[114778377ms] [LOG] [Fast Refresh] rebuilding @ http://localhost:3000/_next/static/chunks/01.s_next_dist_09bvr7k._.js:2431
[114778384ms] [LOG] [Fast Refresh] done in 115ms @ http://localhost:3000/_next/static/chunks/01.s_next_dist_09bvr7k._.js:2431
[114791141ms] [LOG] [Fast Refresh] rebuilding @ http://localhost:3000/_next/static/chunks/01.s_next_dist_09bvr7k._.js:2431
[114793250ms] [LOG] [Fast Refresh] done in 2199ms @ http://localhost:3000/_next/static/chunks/01.s_next_dist_09bvr7k._.js:2431
[117468871ms] [LOG] [Fast Refresh] rebuilding @ http://localhost:3000/_next/static/chunks/01.s_next_dist_09bvr7k._.js:2431
[117469635ms] [LOG] [Fast Refresh] done in 875ms @ http://localhost:3000/_next/static/chunks/01.s_next_dist_09bvr7k._.js:2431
[117469744ms] [LOG] [Fast Refresh] rebuilding @ http://localhost:3000/_next/static/chunks/01.s_next_dist_09bvr7k._.js:2431
[117470004ms] [LOG] [Fast Refresh] done in 368ms @ http://localhost:3000/_next/static/chunks/01.s_next_dist_09bvr7k._.js:2431
[118857705ms] [LOG] [Fast Refresh] rebuilding @ http://localhost:3000/_next/static/chunks/01.s_next_dist_09bvr7k._.js:2431
[118857895ms] [LOG] [Fast Refresh] done in 297ms @ http://localhost:3000/_next/static/chunks/01.s_next_dist_09bvr7k._.js:2431
[118858850ms] [LOG] [Fast Refresh] rebuilding @ http://localhost:3000/_next/static/chunks/01.s_next_dist_09bvr7k._.js:2431
[118858899ms] [LOG] [Fast Refresh] done in 155ms @ http://localhost:3000/_next/static/chunks/01.s_next_dist_09bvr7k._.js:2431
[118859009ms] [LOG] [Fast Refresh] rebuilding @ http://localhost:3000/_next/static/chunks/01.s_next_dist_09bvr7k._.js:2431
[118859083ms] [LOG] [Fast Refresh] done in 181ms @ http://localhost:3000/_next/static/chunks/01.s_next_dist_09bvr7k._.js:2431
[118863660ms] [LOG] [Fast Refresh] rebuilding @ http://localhost:3000/_next/static/chunks/01.s_next_dist_09bvr7k._.js:2431
[118863661ms] [LOG] [Fast Refresh] done in 111ms @ http://localhost:3000/_next/static/chunks/01.s_next_dist_09bvr7k._.js:2431
[118865466ms] [LOG] [Fast Refresh] rebuilding @ http://localhost:3000/_next/static/chunks/01.s_next_dist_09bvr7k._.js:2431
[118865547ms] [LOG] [Fast Refresh] done in 184ms @ http://localhost:3000/_next/static/chunks/01.s_next_dist_09bvr7k._.js:2431
[118877321ms] [LOG] [Fast Refresh] rebuilding @ http://localhost:3000/_next/static/chunks/01.s_next_dist_09bvr7k._.js:2431
[118877353ms] [LOG] [Fast Refresh] done in 141ms @ http://localhost:3000/_next/static/chunks/01.s_next_dist_09bvr7k._.js:2431
[118884380ms] [LOG] [Fast Refresh] rebuilding @ http://localhost:3000/_next/static/chunks/01.s_next_dist_09bvr7k._.js:2431
[118884444ms] [LOG] [Fast Refresh] done in 173ms @ http://localhost:3000/_next/static/chunks/01.s_next_dist_09bvr7k._.js:2431
[119977465ms] [LOG] [Fast Refresh] rebuilding @ http://localhost:3000/_next/static/chunks/01.s_next_dist_09bvr7k._.js:2431
[119977553ms] [LOG] [Fast Refresh] done in 203ms @ http://localhost:3000/_next/static/chunks/01.s_next_dist_09bvr7k._.js:2431
[120006935ms] [LOG] [Fast Refresh] rebuilding @ http://localhost:3000/_next/static/chunks/01.s_next_dist_09bvr7k._.js:2431
[120006965ms] [LOG] [Fast Refresh] done in 144ms @ http://localhost:3000/_next/static/chunks/01.s_next_dist_09bvr7k._.js:2431
[120019650ms] [LOG] [Fast Refresh] rebuilding @ http://localhost:3000/_next/static/chunks/01.s_next_dist_09bvr7k._.js:2431
[120019744ms] [LOG] [Fast Refresh] done in 200ms @ http://localhost:3000/_next/static/chunks/01.s_next_dist_09bvr7k._.js:2431
[120103388ms] [LOG] [Fast Refresh] rebuilding @ http://localhost:3000/_next/static/chunks/01.s_next_dist_09bvr7k._.js:2431
[120104881ms] [LOG] [Fast Refresh] done in 1596ms @ http://localhost:3000/_next/static/chunks/01.s_next_dist_09bvr7k._.js:2431
[120104998ms] [LOG] [Fast Refresh] rebuilding @ http://localhost:3000/_next/static/chunks/01.s_next_dist_09bvr7k._.js:2431
[120105136ms] [LOG] [Fast Refresh] done in 242ms @ http://localhost:3000/_next/static/chunks/01.s_next_dist_09bvr7k._.js:2431
[120105246ms] [LOG] [Fast Refresh] rebuilding @ http://localhost:3000/_next/static/chunks/01.s_next_dist_09bvr7k._.js:2431
[120105537ms] [LOG] [Fast Refresh] done in 395ms @ http://localhost:3000/_next/static/chunks/01.s_next_dist_09bvr7k._.js:2431
[120125743ms] [LOG] [Fast Refresh] rebuilding @ http://localhost:3000/_next/static/chunks/01.s_next_dist_09bvr7k._.js:2431
[120126443ms] [LOG] [Fast Refresh] done in 804ms @ http://localhost:3000/_next/static/chunks/01.s_next_dist_09bvr7k._.js:2431
[120126554ms] [LOG] [Fast Refresh] rebuilding @ http://localhost:3000/_next/static/chunks/01.s_next_dist_09bvr7k._.js:2431
[120126583ms] [LOG] [Fast Refresh] done in 133ms @ http://localhost:3000/_next/static/chunks/01.s_next_dist_09bvr7k._.js:2431
[120126696ms] [LOG] [Fast Refresh] rebuilding @ http://localhost:3000/_next/static/chunks/01.s_next_dist_09bvr7k._.js:2431
[120126797ms] [LOG] [Fast Refresh] done in 203ms @ http://localhost:3000/_next/static/chunks/01.s_next_dist_09bvr7k._.js:2431
[120180469ms] [LOG] [Fast Refresh] rebuilding @ http://localhost:3000/_next/static/chunks/01.s_next_dist_09bvr7k._.js:2431
[120181375ms] [LOG] [Fast Refresh] done in 1011ms @ http://localhost:3000/_next/static/chunks/01.s_next_dist_09bvr7k._.js:2431
[120181487ms] [LOG] [Fast Refresh] rebuilding @ http://localhost:3000/_next/static/chunks/01.s_next_dist_09bvr7k._.js:2431
[120181519ms] [LOG] [Fast Refresh] done in 136ms @ http://localhost:3000/_next/static/chunks/01.s_next_dist_09bvr7k._.js:2431
[120181636ms] [LOG] [Fast Refresh] rebuilding @ http://localhost:3000/_next/static/chunks/01.s_next_dist_09bvr7k._.js:2431
[120181744ms] [LOG] [Fast Refresh] done in 213ms @ http://localhost:3000/_next/static/chunks/01.s_next_dist_09bvr7k._.js:2431
[120192088ms] [LOG] [Fast Refresh] rebuilding @ http://localhost:3000/_next/static/chunks/01.s_next_dist_09bvr7k._.js:2431
[120192729ms] [LOG] [Fast Refresh] done in 748ms @ http://localhost:3000/_next/static/chunks/01.s_next_dist_09bvr7k._.js:2431
[120192848ms] [LOG] [Fast Refresh] rebuilding @ http://localhost:3000/_next/static/chunks/01.s_next_dist_09bvr7k._.js:2431
[120192876ms] [LOG] [Fast Refresh] done in 136ms @ http://localhost:3000/_next/static/chunks/01.s_next_dist_09bvr7k._.js:2431
[120192987ms] [LOG] [Fast Refresh] rebuilding @ http://localhost:3000/_next/static/chunks/01.s_next_dist_09bvr7k._.js:2431
[120193098ms] [LOG] [Fast Refresh] done in 217ms @ http://localhost:3000/_next/static/chunks/01.s_next_dist_09bvr7k._.js:2431
[120193254ms] [LOG] [Fast Refresh] rebuilding @ http://localhost:3000/_next/static/chunks/01.s_next_dist_09bvr7k._.js:2431
[120193264ms] [LOG] [Fast Refresh] done in 116ms @ http://localhost:3000/_next/static/chunks/01.s_next_dist_09bvr7k._.js:2431
[120240951ms] [LOG] [Fast Refresh] rebuilding @ http://localhost:3000/_next/static/chunks/01.s_next_dist_09bvr7k._.js:2431
[120241590ms] [LOG] [Fast Refresh] done in 746ms @ http://localhost:3000/_next/static/chunks/01.s_next_dist_09bvr7k._.js:2431
[120277381ms] [LOG] [Fast Refresh] rebuilding @ http://localhost:3000/_next/static/chunks/01.s_next_dist_09bvr7k._.js:2431
[120278280ms] [LOG] [Fast Refresh] done in 1003ms @ http://localhost:3000/_next/static/chunks/01.s_next_dist_09bvr7k._.js:2431
[120278534ms] [LOG] [Fast Refresh] rebuilding @ http://localhost:3000/_next/static/chunks/01.s_next_dist_09bvr7k._.js:2431
[120278607ms] [LOG] [Fast Refresh] done in 181ms @ http://localhost:3000/_next/static/chunks/01.s_next_dist_09bvr7k._.js:2431
[120321793ms] [LOG] [Fast Refresh] rebuilding @ http://localhost:3000/_next/static/chunks/01.s_next_dist_09bvr7k._.js:2431
[120322616ms] [LOG] [Fast Refresh] done in 927ms @ http://localhost:3000/_next/static/chunks/01.s_next_dist_09bvr7k._.js:2431
[120344500ms] [LOG] [Fast Refresh] rebuilding @ http://localhost:3000/_next/static/chunks/01.s_next_dist_09bvr7k._.js:2431
[120345345ms] [LOG] [Fast Refresh] done in 950ms @ http://localhost:3000/_next/static/chunks/01.s_next_dist_09bvr7k._.js:2431
[120345452ms] [LOG] [Fast Refresh] rebuilding @ http://localhost:3000/_next/static/chunks/01.s_next_dist_09bvr7k._.js:2431
[120345504ms] [LOG] [Fast Refresh] done in 154ms @ http://localhost:3000/_next/static/chunks/01.s_next_dist_09bvr7k._.js:2431
[120345608ms] [LOG] [Fast Refresh] rebuilding @ http://localhost:3000/_next/static/chunks/01.s_next_dist_09bvr7k._.js:2431
[120345855ms] [LOG] [Fast Refresh] done in 347ms @ http://localhost:3000/_next/static/chunks/01.s_next_dist_09bvr7k._.js:2431
[121459129ms] [LOG] [Fast Refresh] rebuilding @ http://localhost:3000/_next/static/chunks/01.s_next_dist_09bvr7k._.js:2431
[121459565ms] [LOG] [Fast Refresh] done in 540ms @ http://localhost:3000/_next/static/chunks/01.s_next_dist_09bvr7k._.js:2431
[122214841ms] [LOG] [Fast Refresh] rebuilding @ http://localhost:3000/_next/static/chunks/01.s_next_dist_09bvr7k._.js:2431
[122215937ms] [LOG] [Fast Refresh] done in 1202ms @ http://localhost:3000/_next/static/chunks/01.s_next_dist_09bvr7k._.js:2431
[122216055ms] [LOG] [Fast Refresh] rebuilding @ http://localhost:3000/_next/static/chunks/01.s_next_dist_09bvr7k._.js:2431
[122216195ms] [LOG] [Fast Refresh] done in 248ms @ http://localhost:3000/_next/static/chunks/01.s_next_dist_09bvr7k._.js:2431
[122216306ms] [LOG] [Fast Refresh] rebuilding @ http://localhost:3000/_next/static/chunks/01.s_next_dist_09bvr7k._.js:2431
[122216542ms] [LOG] [Fast Refresh] done in 340ms @ http://localhost:3000/_next/static/chunks/01.s_next_dist_09bvr7k._.js:2431
[122223037ms] [LOG] [Fast Refresh] rebuilding @ http://localhost:3000/_next/static/chunks/01.s_next_dist_09bvr7k._.js:2431
[122223937ms] [LOG] [Fast Refresh] done in 1006ms @ http://localhost:3000/_next/static/chunks/01.s_next_dist_09bvr7k._.js:2431
[122224051ms] [LOG] [Fast Refresh] rebuilding @ http://localhost:3000/_next/static/chunks/01.s_next_dist_09bvr7k._.js:2431
[122224119ms] [LOG] [Fast Refresh] done in 172ms @ http://localhost:3000/_next/static/chunks/01.s_next_dist_09bvr7k._.js:2431
[122236489ms] [LOG] [Fast Refresh] rebuilding @ http://localhost:3000/_next/static/chunks/01.s_next_dist_09bvr7k._.js:2431
[122237264ms] [LOG] [Fast Refresh] done in 879ms @ http://localhost:3000/_next/static/chunks/01.s_next_dist_09bvr7k._.js:2431
[122237388ms] [LOG] [Fast Refresh] rebuilding @ http://localhost:3000/_next/static/chunks/01.s_next_dist_09bvr7k._.js:2431
[122237404ms] [LOG] [Fast Refresh] done in 126ms @ http://localhost:3000/_next/static/chunks/01.s_next_dist_09bvr7k._.js:2431
[122237512ms] [LOG] [Fast Refresh] rebuilding @ http://localhost:3000/_next/static/chunks/01.s_next_dist_09bvr7k._.js:2431
[122237529ms] [LOG] [Fast Refresh] done in 120ms @ http://localhost:3000/_next/static/chunks/01.s_next_dist_09bvr7k._.js:2431
[122237632ms] [LOG] [Fast Refresh] rebuilding @ http://localhost:3000/_next/static/chunks/01.s_next_dist_09bvr7k._.js:2431
[122237634ms] [LOG] [Fast Refresh] done in 104ms @ http://localhost:3000/_next/static/chunks/01.s_next_dist_09bvr7k._.js:2431
[122271148ms] [LOG] [Fast Refresh] rebuilding @ http://localhost:3000/_next/static/chunks/01.s_next_dist_09bvr7k._.js:2431
[122272968ms] [LOG] [Fast Refresh] done in 1920ms @ http://localhost:3000/_next/static/chunks/01.s_next_dist_09bvr7k._.js:2431
[122273089ms] [LOG] [Fast Refresh] rebuilding @ http://localhost:3000/_next/static/chunks/01.s_next_dist_09bvr7k._.js:2431
[122273971ms] [LOG] [Fast Refresh] done in 974ms @ http://localhost:3000/_next/static/chunks/01.s_next_dist_09bvr7k._.js:2431
[122274100ms] [LOG] [Fast Refresh] rebuilding @ http://localhost:3000/_next/static/chunks/01.s_next_dist_09bvr7k._.js:2431
[122274399ms] [LOG] [Fast Refresh] done in 405ms @ http://localhost:3000/_next/static/chunks/01.s_next_dist_09bvr7k._.js:2431
[122274575ms] [LOG] [Fast Refresh] rebuilding @ http://localhost:3000/_next/static/chunks/01.s_next_dist_09bvr7k._.js:2431
[122274611ms] [LOG] [Fast Refresh] done in 137ms @ http://localhost:3000/_next/static/chunks/01.s_next_dist_09bvr7k._.js:2431
[122274752ms] [LOG] [Fast Refresh] rebuilding @ http://localhost:3000/_next/static/chunks/01.s_next_dist_09bvr7k._.js:2431
[122274766ms] [LOG] [Fast Refresh] done in 120ms @ http://localhost:3000/_next/static/chunks/01.s_next_dist_09bvr7k._.js:2431
[122286678ms] [LOG] [Fast Refresh] rebuilding @ http://localhost:3000/_next/static/chunks/01.s_next_dist_09bvr7k._.js:2431
[122287491ms] [LOG] [Fast Refresh] done in 893ms @ http://localhost:3000/_next/static/chunks/01.s_next_dist_09bvr7k._.js:2431
[122287767ms] [LOG] [Fast Refresh] rebuilding @ http://localhost:3000/_next/static/chunks/01.s_next_dist_09bvr7k._.js:2431
[122287860ms] [LOG] [Fast Refresh] done in 193ms @ http://localhost:3000/_next/static/chunks/01.s_next_dist_09bvr7k._.js:2431
[122815556ms] [LOG] [Fast Refresh] rebuilding @ http://localhost:3000/_next/static/chunks/01.s_next_dist_09bvr7k._.js:2431
[122815556ms] [LOG] [Fast Refresh] done in 107ms @ http://localhost:3000/_next/static/chunks/01.s_next_dist_09bvr7k._.js:2431
[123897669ms] [LOG] [Fast Refresh] rebuilding @ http://localhost:3000/_next/static/chunks/01.s_next_dist_09bvr7k._.js:2431
[123898540ms] [LOG] [Fast Refresh] done in 961ms @ http://localhost:3000/_next/static/chunks/01.s_next_dist_09bvr7k._.js:2431
[123898657ms] [LOG] [Fast Refresh] rebuilding @ http://localhost:3000/_next/static/chunks/01.s_next_dist_09bvr7k._.js:2431
[123898699ms] [LOG] [Fast Refresh] done in 142ms @ http://localhost:3000/_next/static/chunks/01.s_next_dist_09bvr7k._.js:2431
[123898803ms] [LOG] [Fast Refresh] rebuilding @ http://localhost:3000/_next/static/chunks/01.s_next_dist_09bvr7k._.js:2431
[123899282ms] [LOG] [Fast Refresh] done in 561ms @ http://localhost:3000/_next/static/chunks/01.s_next_dist_09bvr7k._.js:2431
[123899390ms] [LOG] [Fast Refresh] rebuilding @ http://localhost:3000/_next/static/chunks/01.s_next_dist_09bvr7k._.js:2431
[123899587ms] [LOG] [Fast Refresh] done in 305ms @ http://localhost:3000/_next/static/chunks/01.s_next_dist_09bvr7k._.js:2431
[123920067ms] [LOG] [Fast Refresh] rebuilding @ http://localhost:3000/_next/static/chunks/01.s_next_dist_09bvr7k._.js:2431
[123920629ms] [LOG] [Fast Refresh] done in 647ms @ http://localhost:3000/_next/static/chunks/01.s_next_dist_09bvr7k._.js:2431
[123920741ms] [LOG] [Fast Refresh] rebuilding @ http://localhost:3000/_next/static/chunks/01.s_next_dist_09bvr7k._.js:2431
[123920799ms] [LOG] [Fast Refresh] done in 162ms @ http://localhost:3000/_next/static/chunks/01.s_next_dist_09bvr7k._.js:2431
[123920906ms] [LOG] [Fast Refresh] rebuilding @ http://localhost:3000/_next/static/chunks/01.s_next_dist_09bvr7k._.js:2431
[123920968ms] [LOG] [Fast Refresh] done in 165ms @ http://localhost:3000/_next/static/chunks/01.s_next_dist_09bvr7k._.js:2431
[123936363ms] [LOG] [Fast Refresh] rebuilding @ http://localhost:3000/_next/static/chunks/01.s_next_dist_09bvr7k._.js:2431
[123936651ms] [LOG] [Fast Refresh] done in 392ms @ http://localhost:3000/_next/static/chunks/01.s_next_dist_09bvr7k._.js:2431
[123963045ms] [ERROR] WebSocket connection to 'ws://localhost:3000/_next/webpack-hmr?id=oIo342UaRSqmK2n8xy1lz' failed: Error in connection establishment: net::ERR_CONNECTION_REFUSED @ http://localhost:3000/_next/static/chunks/01.s_next_dist_client_0kff.~a._.js:13299
[123966423ms] [ERROR] WebSocket connection to 'ws://localhost:3000/_next/webpack-hmr?id=oIo342UaRSqmK2n8xy1lz' failed: Error in connection establishment: net::ERR_CONNECTION_REFUSED @ http://localhost:3000/_next/static/chunks/01.s_next_dist_client_0kff.~a._.js:13299
[123969796ms] [ERROR] WebSocket connection to 'ws://localhost:3000/_next/webpack-hmr?id=oIo342UaRSqmK2n8xy1lz' failed: Error in connection establishment: net::ERR_CONNECTION_REFUSED @ http://localhost:3000/_next/static/chunks/01.s_next_dist_client_0kff.~a._.js:13299
[123973164ms] [ERROR] WebSocket connection to 'ws://localhost:3000/_next/webpack-hmr?id=oIo342UaRSqmK2n8xy1lz' failed: Error in connection establishment: net::ERR_CONNECTION_REFUSED @ http://localhost:3000/_next/static/chunks/01.s_next_dist_client_0kff.~a._.js:13299
[123976523ms] [ERROR] WebSocket connection to 'ws://localhost:3000/_next/webpack-hmr?id=oIo342UaRSqmK2n8xy1lz' failed: Error in connection establishment: net::ERR_CONNECTION_REFUSED @ http://localhost:3000/_next/static/chunks/01.s_next_dist_client_0kff.~a._.js:13299
[123983913ms] [ERROR] WebSocket connection to 'ws://localhost:3000/_next/webpack-hmr?id=oIo342UaRSqmK2n8xy1lz' failed: Error in connection establishment: net::ERR_CONNECTION_REFUSED @ http://localhost:3000/_next/static/chunks/01.s_next_dist_client_0kff.~a._.js:13299
[123991303ms] [ERROR] WebSocket connection to 'ws://localhost:3000/_next/webpack-hmr?id=oIo342UaRSqmK2n8xy1lz' failed: Error in connection establishment: net::ERR_CONNECTION_REFUSED @ http://localhost:3000/_next/static/chunks/01.s_next_dist_client_0kff.~a._.js:13299
[123998685ms] [ERROR] WebSocket connection to 'ws://localhost:3000/_next/webpack-hmr?id=oIo342UaRSqmK2n8xy1lz' failed: Error in connection establishment: net::ERR_CONNECTION_REFUSED @ http://localhost:3000/_next/static/chunks/01.s_next_dist_client_0kff.~a._.js:13299
[124007752ms] [LOG] [HMR] connected @ http://localhost:3000/_next/static/chunks/01.s_next_dist_09bvr7k._.js:2431
[124009846ms] [INFO] %cDownload the React DevTools for a better development experience: https://react.dev/link/react-devtools font-weight:bold @ http://localhost:3000/_next/static/chunks/01.s_next_dist_09bvr7k._.js:2431
[124010154ms] [LOG] [HMR] connected @ http://localhost:3000/_next/static/chunks/01.s_next_dist_09bvr7k._.js:2431
[124010323ms] [LOG] [Fast Refresh] rebuilding @ http://localhost:3000/_next/static/chunks/01.s_next_dist_09bvr7k._.js:2431
[124010624ms] [LOG] [Fast Refresh] done in 407ms @ http://localhost:3000/_next/static/chunks/01.s_next_dist_09bvr7k._.js:2431
[124013015ms] [LOG] [Fast Refresh] rebuilding @ http://localhost:3000/_next/static/chunks/01.s_next_dist_09bvr7k._.js:2431
[124013041ms] [LOG] [Fast Refresh] done in 130ms @ http://localhost:3000/_next/static/chunks/01.s_next_dist_09bvr7k._.js:2431
[124587173ms] [LOG] [Fast Refresh] rebuilding @ http://localhost:3000/_next/static/chunks/01.s_next_dist_09bvr7k._.js:2431
[124587192ms] [LOG] [Fast Refresh] done in 133ms @ http://localhost:3000/_next/static/chunks/01.s_next_dist_09bvr7k._.js:2431
[124614740ms] [LOG] [Fast Refresh] rebuilding @ http://localhost:3000/_next/static/chunks/01.s_next_dist_09bvr7k._.js:2431
[124617553ms] [LOG] [Fast Refresh] done in 2919ms @ http://localhost:3000/_next/static/chunks/01.s_next_dist_09bvr7k._.js:2431
[124623024ms] [LOG] [Fast Refresh] rebuilding @ http://localhost:3000/_next/static/chunks/01.s_next_dist_09bvr7k._.js:2431
[124623155ms] [LOG] [Fast Refresh] done in 244ms @ http://localhost:3000/_next/static/chunks/01.s_next_dist_09bvr7k._.js:2431
[125518212ms] [LOG] [Fast Refresh] rebuilding @ http://localhost:3000/_next/static/chunks/01.s_next_dist_09bvr7k._.js:2431
[125518989ms] [LOG] [Fast Refresh] done in 871ms @ http://localhost:3000/_next/static/chunks/01.s_next_dist_09bvr7k._.js:2431
[125519291ms] [LOG] [Fast Refresh] rebuilding @ http://localhost:3000/_next/static/chunks/01.s_next_dist_09bvr7k._.js:2431
[125519467ms] [LOG] [Fast Refresh] done in 283ms @ http://localhost:3000/_next/static/chunks/01.s_next_dist_09bvr7k._.js:2431
[125521124ms] [LOG] [Fast Refresh] rebuilding @ http://localhost:3000/_next/static/chunks/01.s_next_dist_09bvr7k._.js:2431
[125521128ms] [LOG] [Fast Refresh] done in 110ms @ http://localhost:3000/_next/static/chunks/01.s_next_dist_09bvr7k._.js:2431
[125521360ms] [LOG] [Fast Refresh] rebuilding @ http://localhost:3000/_next/static/chunks/01.s_next_dist_09bvr7k._.js:2431
[125521391ms] [LOG] [Fast Refresh] done in 133ms @ http://localhost:3000/_next/static/chunks/01.s_next_dist_09bvr7k._.js:2431
[125521561ms] [LOG] [Fast Refresh] rebuilding @ http://localhost:3000/_next/static/chunks/01.s_next_dist_09bvr7k._.js:2431
[125521570ms] [LOG] [Fast Refresh] done in 121ms @ http://localhost:3000/_next/static/chunks/01.s_next_dist_09bvr7k._.js:2431
[125521734ms] [LOG] [Fast Refresh] rebuilding @ http://localhost:3000/_next/static/chunks/01.s_next_dist_09bvr7k._.js:2431
[125521852ms] [LOG] [Fast Refresh] done in 221ms @ http://localhost:3000/_next/static/chunks/01.s_next_dist_09bvr7k._.js:2431
[125522035ms] [LOG] [Fast Refresh] rebuilding @ http://localhost:3000/_next/static/chunks/01.s_next_dist_09bvr7k._.js:2431
[125522038ms] [LOG] [Fast Refresh] done in 111ms @ http://localhost:3000/_next/static/chunks/01.s_next_dist_09bvr7k._.js:2431
[125522719ms] [LOG] [Fast Refresh] rebuilding @ http://localhost:3000/_next/static/chunks/01.s_next_dist_09bvr7k._.js:2431
[125522762ms] [LOG] [Fast Refresh] done in 148ms @ http://localhost:3000/_next/static/chunks/01.s_next_dist_09bvr7k._.js:2431
[125523344ms] [LOG] [Fast Refresh] rebuilding @ http://localhost:3000/_next/static/chunks/01.s_next_dist_09bvr7k._.js:2431
[125523374ms] [LOG] [Fast Refresh] done in 131ms @ http://localhost:3000/_next/static/chunks/01.s_next_dist_09bvr7k._.js:2431
[125523494ms] [LOG] [Fast Refresh] rebuilding @ http://localhost:3000/_next/static/chunks/01.s_next_dist_09bvr7k._.js:2431
[125523550ms] [LOG] [Fast Refresh] done in 157ms @ http://localhost:3000/_next/static/chunks/01.s_next_dist_09bvr7k._.js:2431
[125523839ms] [LOG] [Fast Refresh] rebuilding @ http://localhost:3000/_next/static/chunks/01.s_next_dist_09bvr7k._.js:2431
[125525713ms] [LOG] [Fast Refresh] done in 1977ms @ http://localhost:3000/_next/static/chunks/01.s_next_dist_09bvr7k._.js:2431
[125526943ms] [LOG] [Fast Refresh] rebuilding @ http://localhost:3000/_next/static/chunks/01.s_next_dist_09bvr7k._.js:2431
[125526953ms] [LOG] [Fast Refresh] done in 112ms @ http://localhost:3000/_next/static/chunks/01.s_next_dist_09bvr7k._.js:2431
[125985799ms] [LOG] [Fast Refresh] rebuilding @ http://localhost:3000/_next/static/chunks/01.s_next_dist_09bvr7k._.js:2431
[125986926ms] [LOG] [Fast Refresh] done in 1207ms @ http://localhost:3000/_next/static/chunks/01.s_next_dist_09bvr7k._.js:2431
[125987039ms] [LOG] [Fast Refresh] rebuilding @ http://localhost:3000/_next/static/chunks/01.s_next_dist_09bvr7k._.js:2431
[125988007ms] [LOG] [Fast Refresh] done in 724ms @ http://localhost:3000/_next/static/chunks/01.s_next_dist_09bvr7k._.js:2431
[126046070ms] [LOG] [Fast Refresh] rebuilding @ http://localhost:3000/_next/static/chunks/01.s_next_dist_09bvr7k._.js:2431
[126046585ms] [LOG] [Fast Refresh] done in 614ms @ http://localhost:3000/_next/static/chunks/01.s_next_dist_09bvr7k._.js:2431
[126046811ms] [LOG] [Fast Refresh] rebuilding @ http://localhost:3000/_next/static/chunks/01.s_next_dist_09bvr7k._.js:2431
[126046958ms] [LOG] [Fast Refresh] done in 250ms @ http://localhost:3000/_next/static/chunks/01.s_next_dist_09bvr7k._.js:2431
[126058256ms] [LOG] [Fast Refresh] rebuilding @ http://localhost:3000/_next/static/chunks/01.s_next_dist_09bvr7k._.js:2431
[126058708ms] [LOG] [Fast Refresh] done in 535ms @ http://localhost:3000/_next/static/chunks/01.s_next_dist_09bvr7k._.js:2431
[126058925ms] [LOG] [Fast Refresh] rebuilding @ http://localhost:3000/_next/static/chunks/01.s_next_dist_09bvr7k._.js:2431
[126059027ms] [LOG] [Fast Refresh] done in 216ms @ http://localhost:3000/_next/static/chunks/01.s_next_dist_09bvr7k._.js:2431
[126082981ms] [ERROR] WebSocket connection to 'ws://localhost:3000/_next/webpack-hmr?id=V_p4c73wROJSOAZAm3EEK' failed: Error in connection establishment: net::ERR_CONNECTION_REFUSED @ http://localhost:3000/_next/static/chunks/01.s_next_dist_client_0kff.~a._.js:13299
[126086337ms] [ERROR] WebSocket connection to 'ws://localhost:3000/_next/webpack-hmr?id=V_p4c73wROJSOAZAm3EEK' failed: Error in connection establishment: net::ERR_CONNECTION_REFUSED @ http://localhost:3000/_next/static/chunks/01.s_next_dist_client_0kff.~a._.js:13299
[126089689ms] [ERROR] WebSocket connection to 'ws://localhost:3000/_next/webpack-hmr?id=V_p4c73wROJSOAZAm3EEK' failed: Error in connection establishment: net::ERR_CONNECTION_REFUSED @ http://localhost:3000/_next/static/chunks/01.s_next_dist_client_0kff.~a._.js:13299
[126093043ms] [ERROR] WebSocket connection to 'ws://localhost:3000/_next/webpack-hmr?id=V_p4c73wROJSOAZAm3EEK' failed: Error in connection establishment: net::ERR_CONNECTION_REFUSED @ http://localhost:3000/_next/static/chunks/01.s_next_dist_client_0kff.~a._.js:13299
[126096418ms] [ERROR] WebSocket connection to 'ws://localhost:3000/_next/webpack-hmr?id=V_p4c73wROJSOAZAm3EEK' failed: Error in connection establishment: net::ERR_CONNECTION_REFUSED @ http://localhost:3000/_next/static/chunks/01.s_next_dist_client_0kff.~a._.js:13299
[126103808ms] [ERROR] WebSocket connection to 'ws://localhost:3000/_next/webpack-hmr?id=V_p4c73wROJSOAZAm3EEK' failed: Error in connection establishment: net::ERR_CONNECTION_REFUSED @ http://localhost:3000/_next/static/chunks/01.s_next_dist_client_0kff.~a._.js:13299
[126111198ms] [ERROR] WebSocket connection to 'ws://localhost:3000/_next/webpack-hmr?id=V_p4c73wROJSOAZAm3EEK' failed: Error in connection establishment: net::ERR_CONNECTION_REFUSED @ http://localhost:3000/_next/static/chunks/01.s_next_dist_client_0kff.~a._.js:13299
[126118571ms] [ERROR] WebSocket connection to 'ws://localhost:3000/_next/webpack-hmr?id=V_p4c73wROJSOAZAm3EEK' failed: Error in connection establishment: net::ERR_CONNECTION_REFUSED @ http://localhost:3000/_next/static/chunks/01.s_next_dist_client_0kff.~a._.js:13299
[126125950ms] [ERROR] WebSocket connection to 'ws://localhost:3000/_next/webpack-hmr?id=V_p4c73wROJSOAZAm3EEK' failed: Error in connection establishment: net::ERR_CONNECTION_REFUSED @ http://localhost:3000/_next/static/chunks/01.s_next_dist_client_0kff.~a._.js:13299
[126133359ms] [ERROR] WebSocket connection to 'ws://localhost:3000/_next/webpack-hmr?id=V_p4c73wROJSOAZAm3EEK' failed: Error in connection establishment: net::ERR_CONNECTION_REFUSED @ http://localhost:3000/_next/static/chunks/01.s_next_dist_client_0kff.~a._.js:13299
[126140805ms] [ERROR] WebSocket connection to 'ws://localhost:3000/_next/webpack-hmr?id=V_p4c73wROJSOAZAm3EEK' failed: Error in connection establishment: net::ERR_CONNECTION_REFUSED @ http://localhost:3000/_next/static/chunks/01.s_next_dist_client_0kff.~a._.js:13299
[126148230ms] [ERROR] WebSocket connection to 'ws://localhost:3000/_next/webpack-hmr?id=V_p4c73wROJSOAZAm3EEK' failed: Error in connection establishment: net::ERR_CONNECTION_REFUSED @ http://localhost:3000/_next/static/chunks/01.s_next_dist_client_0kff.~a._.js:13299
[126164458ms] [INFO] %cDownload the React DevTools for a better development experience: https://react.dev/link/react-devtools font-weight:bold @ http://localhost:3000/_next/static/chunks/01.s_next_dist_09bvr7k._.js:2431
[126164700ms] [LOG] [HMR] connected @ http://localhost:3000/_next/static/chunks/01.s_next_dist_09bvr7k._.js:2431
[126164992ms] [LOG] [Fast Refresh] rebuilding @ http://localhost:3000/_next/static/chunks/01.s_next_dist_09bvr7k._.js:2431
[126165182ms] [LOG] [Fast Refresh] done in 291ms @ http://localhost:3000/_next/static/chunks/01.s_next_dist_09bvr7k._.js:2431
[126167461ms] [LOG] [Fast Refresh] rebuilding @ http://localhost:3000/_next/static/chunks/01.s_next_dist_09bvr7k._.js:2431
[126167475ms] [LOG] [Fast Refresh] done in 120ms @ http://localhost:3000/_next/static/chunks/01.s_next_dist_09bvr7k._.js:2431
[126168844ms] [LOG] [Fast Refresh] rebuilding @ http://localhost:3000/_next/static/chunks/01.s_next_dist_09bvr7k._.js:2431
[126168980ms] [LOG] [Fast Refresh] done in 243ms @ http://localhost:3000/_next/static/chunks/01.s_next_dist_09bvr7k._.js:2431
[126169544ms] [LOG] [Fast Refresh] rebuilding @ http://localhost:3000/_next/static/chunks/01.s_next_dist_09bvr7k._.js:2431
[126170234ms] [LOG] [Fast Refresh] done in 804ms @ http://localhost:3000/_next/static/chunks/01.s_next_dist_09bvr7k._.js:2431
[126542451ms] [LOG] [Fast Refresh] rebuilding @ http://localhost:3000/_next/static/chunks/01.s_next_dist_09bvr7k._.js:2431
[126545462ms] [LOG] [Fast Refresh] done in 3116ms @ http://localhost:3000/_next/static/chunks/01.s_next_dist_09bvr7k._.js:2431
[126545577ms] [LOG] [Fast Refresh] rebuilding @ http://localhost:3000/_next/static/chunks/01.s_next_dist_09bvr7k._.js:2431
[126545673ms] [LOG] [Fast Refresh] done in 200ms @ http://localhost:3000/_next/static/chunks/01.s_next_dist_09bvr7k._.js:2431
[126545784ms] [LOG] [Fast Refresh] rebuilding @ http://localhost:3000/_next/static/chunks/01.s_next_dist_09bvr7k._.js:2431
[126545948ms] [LOG] [Fast Refresh] done in 268ms @ http://localhost:3000/_next/static/chunks/01.s_next_dist_09bvr7k._.js:2431
[126546123ms] [LOG] [Fast Refresh] rebuilding @ http://localhost:3000/_next/static/chunks/01.s_next_dist_09bvr7k._.js:2431
[126546155ms] [LOG] [Fast Refresh] done in 134ms @ http://localhost:3000/_next/static/chunks/01.s_next_dist_09bvr7k._.js:2431
[126548799ms] [LOG] [Fast Refresh] rebuilding @ http://localhost:3000/_next/static/chunks/01.s_next_dist_09bvr7k._.js:2431
[126551463ms] [LOG] [Fast Refresh] done in 2769ms @ http://localhost:3000/_next/static/chunks/01.s_next_dist_09bvr7k._.js:2431
[126551577ms] [LOG] [Fast Refresh] rebuilding @ http://localhost:3000/_next/static/chunks/01.s_next_dist_09bvr7k._.js:2431
[126551602ms] [LOG] [Fast Refresh] done in 128ms @ http://localhost:3000/_next/static/chunks/01.s_next_dist_09bvr7k._.js:2431
[126551710ms] [LOG] [Fast Refresh] rebuilding @ http://localhost:3000/_next/static/chunks/01.s_next_dist_09bvr7k._.js:2431
[126551869ms] [LOG] [Fast Refresh] done in 260ms @ http://localhost:3000/_next/static/chunks/01.s_next_dist_09bvr7k._.js:2431
[126551993ms] [LOG] [Fast Refresh] rebuilding @ http://localhost:3000/_next/static/chunks/01.s_next_dist_09bvr7k._.js:2431
[126552003ms] [LOG] [Fast Refresh] done in 111ms @ http://localhost:3000/_next/static/chunks/01.s_next_dist_09bvr7k._.js:2431
[126552114ms] [LOG] [Fast Refresh] rebuilding @ http://localhost:3000/_next/static/chunks/01.s_next_dist_09bvr7k._.js:2431
[126552152ms] [LOG] [Fast Refresh] done in 142ms @ http://localhost:3000/_next/static/chunks/01.s_next_dist_09bvr7k._.js:2431
[126572122ms] [LOG] [Fast Refresh] rebuilding @ http://localhost:3000/_next/static/chunks/01.s_next_dist_09bvr7k._.js:2431
[126572362ms] [LOG] [Fast Refresh] done in 347ms @ http://localhost:3000/_next/static/chunks/01.s_next_dist_09bvr7k._.js:2431
[131030166ms] [LOG] [Fast Refresh] rebuilding @ http://localhost:3000/_next/static/chunks/01.s_next_dist_09bvr7k._.js:2431
[131030179ms] [LOG] [Fast Refresh] done in 121ms @ http://localhost:3000/_next/static/chunks/01.s_next_dist_09bvr7k._.js:2431
[131030289ms] [LOG] [Fast Refresh] rebuilding @ http://localhost:3000/_next/static/chunks/01.s_next_dist_09bvr7k._.js:2431
[131030336ms] [LOG] [Fast Refresh] done in 158ms @ http://localhost:3000/_next/static/chunks/01.s_next_dist_09bvr7k._.js:2431
[151113101ms] [LOG] [Fast Refresh] rebuilding @ http://localhost:3000/_next/static/chunks/01.s_next_dist_09bvr7k._.js:2431
[151113132ms] [LOG] [Fast Refresh] done in 135ms @ http://localhost:3000/_next/static/chunks/01.s_next_dist_09bvr7k._.js:2431
[165571957ms] [LOG] [Fast Refresh] rebuilding @ http://localhost:3000/_next/static/chunks/01.s_next_dist_09bvr7k._.js:2431
[165572481ms] [LOG] [Fast Refresh] done in 632ms @ http://localhost:3000/_next/static/chunks/01.s_next_dist_09bvr7k._.js:2431
[165572587ms] [LOG] [Fast Refresh] rebuilding @ http://localhost:3000/_next/static/chunks/01.s_next_dist_09bvr7k._.js:2431
[165572822ms] [LOG] [Fast Refresh] done in 340ms @ http://localhost:3000/_next/static/chunks/01.s_next_dist_09bvr7k._.js:2431
[165701381ms] [LOG] [Fast Refresh] rebuilding @ http://localhost:3000/_next/static/chunks/01.s_next_dist_09bvr7k._.js:2431
[165701737ms] [LOG] [Fast Refresh] done in 463ms @ http://localhost:3000/_next/static/chunks/01.s_next_dist_09bvr7k._.js:2431
[165701840ms] [LOG] [Fast Refresh] rebuilding @ http://localhost:3000/_next/static/chunks/01.s_next_dist_09bvr7k._.js:2431
[165702201ms] [LOG] [Fast Refresh] done in 463ms @ http://localhost:3000/_next/static/chunks/01.s_next_dist_09bvr7k._.js:2431
[165750489ms] [LOG] [Fast Refresh] rebuilding @ http://localhost:3000/_next/static/chunks/01.s_next_dist_09bvr7k._.js:2431
[165750755ms] [LOG] [Fast Refresh] done in 382ms @ http://localhost:3000/_next/static/chunks/01.s_next_dist_09bvr7k._.js:2431
[165750864ms] [LOG] [Fast Refresh] rebuilding @ http://localhost:3000/_next/static/chunks/01.s_next_dist_09bvr7k._.js:2431
[165751157ms] [LOG] [Fast Refresh] done in 401ms @ http://localhost:3000/_next/static/chunks/01.s_next_dist_09bvr7k._.js:2431
[165807952ms] [LOG] [Fast Refresh] rebuilding @ http://localhost:3000/_next/static/chunks/01.s_next_dist_09bvr7k._.js:2431
[165808233ms] [LOG] [Fast Refresh] done in 386ms @ http://localhost:3000/_next/static/chunks/01.s_next_dist_09bvr7k._.js:2431
[165808341ms] [LOG] [Fast Refresh] rebuilding @ http://localhost:3000/_next/static/chunks/01.s_next_dist_09bvr7k._.js:2431
[165808562ms] [LOG] [Fast Refresh] done in 328ms @ http://localhost:3000/_next/static/chunks/01.s_next_dist_09bvr7k._.js:2431
[165811484ms] [LOG] [Fast Refresh] rebuilding @ http://localhost:3000/_next/static/chunks/01.s_next_dist_09bvr7k._.js:2431
[165811719ms] [LOG] [Fast Refresh] done in 343ms @ http://localhost:3000/_next/static/chunks/01.s_next_dist_09bvr7k._.js:2431
[165811828ms] [LOG] [Fast Refresh] rebuilding @ http://localhost:3000/_next/static/chunks/01.s_next_dist_09bvr7k._.js:2431
[165812093ms] [LOG] [Fast Refresh] done in 374ms @ http://localhost:3000/_next/static/chunks/01.s_next_dist_09bvr7k._.js:2431
[165815176ms] [LOG] [Fast Refresh] rebuilding @ http://localhost:3000/_next/static/chunks/01.s_next_dist_09bvr7k._.js:2431
[165815501ms] [LOG] [Fast Refresh] done in 428ms @ http://localhost:3000/_next/static/chunks/01.s_next_dist_09bvr7k._.js:2431
[165815606ms] [LOG] [Fast Refresh] rebuilding @ http://localhost:3000/_next/static/chunks/01.s_next_dist_09bvr7k._.js:2431
[165815878ms] [LOG] [Fast Refresh] done in 377ms @ http://localhost:3000/_next/static/chunks/01.s_next_dist_09bvr7k._.js:2431
[165818974ms] [LOG] [Fast Refresh] rebuilding @ http://localhost:3000/_next/static/chunks/01.s_next_dist_09bvr7k._.js:2431
[165819273ms] [LOG] [Fast Refresh] done in 402ms @ http://localhost:3000/_next/static/chunks/01.s_next_dist_09bvr7k._.js:2431
[165819380ms] [LOG] [Fast Refresh] rebuilding @ http://localhost:3000/_next/static/chunks/01.s_next_dist_09bvr7k._.js:2431
[165819630ms] [LOG] [Fast Refresh] done in 351ms @ http://localhost:3000/_next/static/chunks/01.s_next_dist_09bvr7k._.js:2431
[165822651ms] [LOG] [Fast Refresh] rebuilding @ http://localhost:3000/_next/static/chunks/01.s_next_dist_09bvr7k._.js:2431
[165822904ms] [LOG] [Fast Refresh] done in 357ms @ http://localhost:3000/_next/static/chunks/01.s_next_dist_09bvr7k._.js:2431
[165823013ms] [LOG] [Fast Refresh] rebuilding @ http://localhost:3000/_next/static/chunks/01.s_next_dist_09bvr7k._.js:2431
[165823292ms] [LOG] [Fast Refresh] done in 387ms @ http://localhost:3000/_next/static/chunks/01.s_next_dist_09bvr7k._.js:2431
[165827192ms] [LOG] [Fast Refresh] rebuilding @ http://localhost:3000/_next/static/chunks/01.s_next_dist_09bvr7k._.js:2431
[165827443ms] [LOG] [Fast Refresh] done in 366ms @ http://localhost:3000/_next/static/chunks/01.s_next_dist_09bvr7k._.js:2431
[165827550ms] [LOG] [Fast Refresh] rebuilding @ http://localhost:3000/_next/static/chunks/01.s_next_dist_09bvr7k._.js:2431
[165827798ms] [LOG] [Fast Refresh] done in 354ms @ http://localhost:3000/_next/static/chunks/01.s_next_dist_09bvr7k._.js:2431
[165831138ms] [LOG] [Fast Refresh] rebuilding @ http://localhost:3000/_next/static/chunks/01.s_next_dist_09bvr7k._.js:2431
[165831436ms] [LOG] [Fast Refresh] done in 399ms @ http://localhost:3000/_next/static/chunks/01.s_next_dist_09bvr7k._.js:2431
[165831545ms] [LOG] [Fast Refresh] rebuilding @ http://localhost:3000/_next/static/chunks/01.s_next_dist_09bvr7k._.js:2431
[165831856ms] [LOG] [Fast Refresh] done in 421ms @ http://localhost:3000/_next/static/chunks/01.s_next_dist_09bvr7k._.js:2431
[165834742ms] [LOG] [Fast Refresh] rebuilding @ http://localhost:3000/_next/static/chunks/01.s_next_dist_09bvr7k._.js:2431
[165834993ms] [LOG] [Fast Refresh] done in 355ms @ http://localhost:3000/_next/static/chunks/01.s_next_dist_09bvr7k._.js:2431
[165835099ms] [LOG] [Fast Refresh] rebuilding @ http://localhost:3000/_next/static/chunks/01.s_next_dist_09bvr7k._.js:2431
[165835404ms] [LOG] [Fast Refresh] done in 410ms @ http://localhost:3000/_next/static/chunks/01.s_next_dist_09bvr7k._.js:2431
[165838874ms] [LOG] [Fast Refresh] rebuilding @ http://localhost:3000/_next/static/chunks/01.s_next_dist_09bvr7k._.js:2431
[165839139ms] [LOG] [Fast Refresh] done in 374ms @ http://localhost:3000/_next/static/chunks/01.s_next_dist_09bvr7k._.js:2431
[165839246ms] [LOG] [Fast Refresh] rebuilding @ http://localhost:3000/_next/static/chunks/01.s_next_dist_09bvr7k._.js:2431
[165839540ms] [LOG] [Fast Refresh] done in 401ms @ http://localhost:3000/_next/static/chunks/01.s_next_dist_09bvr7k._.js:2431
[165844263ms] [LOG] [Fast Refresh] rebuilding @ http://localhost:3000/_next/static/chunks/01.s_next_dist_09bvr7k._.js:2431
[165844480ms] [LOG] [Fast Refresh] done in 319ms @ http://localhost:3000/_next/static/chunks/01.s_next_dist_09bvr7k._.js:2431
[165844588ms] [LOG] [Fast Refresh] rebuilding @ http://localhost:3000/_next/static/chunks/01.s_next_dist_09bvr7k._.js:2431
[165844855ms] [LOG] [Fast Refresh] done in 374ms @ http://localhost:3000/_next/static/chunks/01.s_next_dist_09bvr7k._.js:2431
[165848511ms] [LOG] [Fast Refresh] rebuilding @ http://localhost:3000/_next/static/chunks/01.s_next_dist_09bvr7k._.js:2431
[165848809ms] [LOG] [Fast Refresh] done in 405ms @ http://localhost:3000/_next/static/chunks/01.s_next_dist_09bvr7k._.js:2431
[165856495ms] [LOG] [Fast Refresh] rebuilding @ http://localhost:3000/_next/static/chunks/01.s_next_dist_09bvr7k._.js:2431
[165856796ms] [LOG] [Fast Refresh] done in 408ms @ http://localhost:3000/_next/static/chunks/01.s_next_dist_09bvr7k._.js:2431
[165856900ms] [LOG] [Fast Refresh] rebuilding @ http://localhost:3000/_next/static/chunks/01.s_next_dist_09bvr7k._.js:2431
[165857259ms] [LOG] [Fast Refresh] done in 460ms @ http://localhost:3000/_next/static/chunks/01.s_next_dist_09bvr7k._.js:2431
[165860974ms] [LOG] [Fast Refresh] rebuilding @ http://localhost:3000/_next/static/chunks/01.s_next_dist_09bvr7k._.js:2431
[165861299ms] [LOG] [Fast Refresh] done in 428ms @ http://localhost:3000/_next/static/chunks/01.s_next_dist_09bvr7k._.js:2431
[165861407ms] [LOG] [Fast Refresh] rebuilding @ http://localhost:3000/_next/static/chunks/01.s_next_dist_09bvr7k._.js:2431
[165861763ms] [LOG] [Fast Refresh] done in 463ms @ http://localhost:3000/_next/static/chunks/01.s_next_dist_09bvr7k._.js:2431
[165864792ms] [LOG] [Fast Refresh] rebuilding @ http://localhost:3000/_next/static/chunks/01.s_next_dist_09bvr7k._.js:2431
[165865107ms] [LOG] [Fast Refresh] done in 419ms @ http://localhost:3000/_next/static/chunks/01.s_next_dist_09bvr7k._.js:2431
[165865211ms] [LOG] [Fast Refresh] rebuilding @ http://localhost:3000/_next/static/chunks/01.s_next_dist_09bvr7k._.js:2431
[165865519ms] [LOG] [Fast Refresh] done in 409ms @ http://localhost:3000/_next/static/chunks/01.s_next_dist_09bvr7k._.js:2431
[165869728ms] [LOG] [Fast Refresh] rebuilding @ http://localhost:3000/_next/static/chunks/01.s_next_dist_09bvr7k._.js:2431
[165869960ms] [LOG] [Fast Refresh] done in 339ms @ http://localhost:3000/_next/static/chunks/01.s_next_dist_09bvr7k._.js:2431
[165870067ms] [LOG] [Fast Refresh] rebuilding @ http://localhost:3000/_next/static/chunks/01.s_next_dist_09bvr7k._.js:2431
[165870377ms] [LOG] [Fast Refresh] done in 417ms @ http://localhost:3000/_next/static/chunks/01.s_next_dist_09bvr7k._.js:2431
[165875965ms] [LOG] [Fast Refresh] rebuilding @ http://localhost:3000/_next/static/chunks/01.s_next_dist_09bvr7k._.js:2431
[165876260ms] [LOG] [Fast Refresh] done in 399ms @ http://localhost:3000/_next/static/chunks/01.s_next_dist_09bvr7k._.js:2431
[165876366ms] [LOG] [Fast Refresh] rebuilding @ http://localhost:3000/_next/static/chunks/01.s_next_dist_09bvr7k._.js:2431
[165876660ms] [LOG] [Fast Refresh] done in 399ms @ http://localhost:3000/_next/static/chunks/01.s_next_dist_09bvr7k._.js:2431
[165880569ms] [LOG] [Fast Refresh] rebuilding @ http://localhost:3000/_next/static/chunks/01.s_next_dist_09bvr7k._.js:2431
[165880852ms] [LOG] [Fast Refresh] done in 383ms @ http://localhost:3000/_next/static/chunks/01.s_next_dist_09bvr7k._.js:2431
[165880961ms] [LOG] [Fast Refresh] rebuilding @ http://localhost:3000/_next/static/chunks/01.s_next_dist_09bvr7k._.js:2431
[165881226ms] [LOG] [Fast Refresh] done in 373ms @ http://localhost:3000/_next/static/chunks/01.s_next_dist_09bvr7k._.js:2431
[165887070ms] [LOG] [Fast Refresh] rebuilding @ http://localhost:3000/_next/static/chunks/01.s_next_dist_09bvr7k._.js:2431
[165887382ms] [LOG] [Fast Refresh] done in 417ms @ http://localhost:3000/_next/static/chunks/01.s_next_dist_09bvr7k._.js:2431
[165887490ms] [LOG] [Fast Refresh] rebuilding @ http://localhost:3000/_next/static/chunks/01.s_next_dist_09bvr7k._.js:2431
[165887805ms] [LOG] [Fast Refresh] done in 422ms @ http://localhost:3000/_next/static/chunks/01.s_next_dist_09bvr7k._.js:2431
[166005550ms] [LOG] [Fast Refresh] rebuilding @ http://localhost:3000/_next/static/chunks/01.s_next_dist_09bvr7k._.js:2431
[166005784ms] [LOG] [Fast Refresh] done in 341ms @ http://localhost:3000/_next/static/chunks/01.s_next_dist_09bvr7k._.js:2431
[166005891ms] [LOG] [Fast Refresh] rebuilding @ http://localhost:3000/_next/static/chunks/01.s_next_dist_09bvr7k._.js:2431
[166006061ms] [LOG] [Fast Refresh] done in 278ms @ http://localhost:3000/_next/static/chunks/01.s_next_dist_09bvr7k._.js:2431
[166727717ms] [LOG] [Fast Refresh] rebuilding @ http://localhost:3000/_next/static/chunks/01.s_next_dist_09bvr7k._.js:2431
[166731800ms] [LOG] [Fast Refresh] done in 4184ms @ http://localhost:3000/_next/static/chunks/01.s_next_dist_09bvr7k._.js:2431
[166731974ms] [LOG] [Fast Refresh] rebuilding @ http://localhost:3000/_next/static/chunks/01.s_next_dist_09bvr7k._.js:2431
[166732295ms] [LOG] [Fast Refresh] done in 423ms @ http://localhost:3000/_next/static/chunks/01.s_next_dist_09bvr7k._.js:2431
[166732403ms] [LOG] [Fast Refresh] rebuilding @ http://localhost:3000/_next/static/chunks/01.s_next_dist_09bvr7k._.js:2431
[166732684ms] [LOG] [Fast Refresh] done in 384ms @ http://localhost:3000/_next/static/chunks/01.s_next_dist_09bvr7k._.js:2431
[166732909ms] [LOG] [Fast Refresh] rebuilding @ http://localhost:3000/_next/static/chunks/01.s_next_dist_09bvr7k._.js:2431
[166732912ms] [LOG] [Fast Refresh] done in 104ms @ http://localhost:3000/_next/static/chunks/01.s_next_dist_09bvr7k._.js:2431
[166821698ms] [LOG] [Fast Refresh] rebuilding @ http://localhost:3000/_next/static/chunks/01.s_next_dist_09bvr7k._.js:2431
[166822902ms] [LOG] [Fast Refresh] done in 1313ms @ http://localhost:3000/_next/static/chunks/01.s_next_dist_09bvr7k._.js:2431
[166823208ms] [LOG] [Fast Refresh] rebuilding @ http://localhost:3000/_next/static/chunks/01.s_next_dist_09bvr7k._.js:2431
[166823242ms] [LOG] [Fast Refresh] done in 140ms @ http://localhost:3000/_next/static/chunks/01.s_next_dist_09bvr7k._.js:2431
[166823392ms] [LOG] [Fast Refresh] rebuilding @ http://localhost:3000/_next/static/chunks/01.s_next_dist_09bvr7k._.js:2431
[166823688ms] [LOG] [Fast Refresh] done in 398ms @ http://localhost:3000/_next/static/chunks/01.s_next_dist_09bvr7k._.js:2431
[166823835ms] [LOG] [Fast Refresh] rebuilding @ http://localhost:3000/_next/static/chunks/01.s_next_dist_09bvr7k._.js:2431
[166823885ms] [LOG] [Fast Refresh] done in 158ms @ http://localhost:3000/_next/static/chunks/01.s_next_dist_09bvr7k._.js:2431
[166824001ms] [LOG] [Fast Refresh] rebuilding @ http://localhost:3000/_next/static/chunks/01.s_next_dist_09bvr7k._.js:2431
[166824091ms] [LOG] [Fast Refresh] done in 193ms @ http://localhost:3000/_next/static/chunks/01.s_next_dist_09bvr7k._.js:2431
[166824320ms] [LOG] [Fast Refresh] rebuilding @ http://localhost:3000/_next/static/chunks/01.s_next_dist_09bvr7k._.js:2431
[166824444ms] [LOG] [Fast Refresh] done in 230ms @ http://localhost:3000/_next/static/chunks/01.s_next_dist_09bvr7k._.js:2431
[166824577ms] [LOG] [Fast Refresh] rebuilding @ http://localhost:3000/_next/static/chunks/01.s_next_dist_09bvr7k._.js:2431
[166824678ms] [LOG] [Fast Refresh] done in 201ms @ http://localhost:3000/_next/static/chunks/01.s_next_dist_09bvr7k._.js:2431
[166824807ms] [LOG] [Fast Refresh] rebuilding @ http://localhost:3000/_next/static/chunks/01.s_next_dist_09bvr7k._.js:2431
[166824905ms] [LOG] [Fast Refresh] done in 208ms @ http://localhost:3000/_next/static/chunks/01.s_next_dist_09bvr7k._.js:2431
[166825118ms] [LOG] [Fast Refresh] rebuilding @ http://localhost:3000/_next/static/chunks/01.s_next_dist_09bvr7k._.js:2431
[166825214ms] [LOG] [Fast Refresh] done in 197ms @ http://localhost:3000/_next/static/chunks/01.s_next_dist_09bvr7k._.js:2431
[166825399ms] [LOG] [Fast Refresh] rebuilding @ http://localhost:3000/_next/static/chunks/01.s_next_dist_09bvr7k._.js:2431
[166825414ms] [LOG] [Fast Refresh] done in 115ms @ http://localhost:3000/_next/static/chunks/01.s_next_dist_09bvr7k._.js:2431
[166825539ms] [LOG] [Fast Refresh] rebuilding @ http://localhost:3000/_next/static/chunks/01.s_next_dist_09bvr7k._.js:2431
[166825596ms] [LOG] [Fast Refresh] done in 161ms @ http://localhost:3000/_next/static/chunks/01.s_next_dist_09bvr7k._.js:2431
[166825957ms] [LOG] [Fast Refresh] rebuilding @ http://localhost:3000/_next/static/chunks/01.s_next_dist_09bvr7k._.js:2431
[166825982ms] [LOG] [Fast Refresh] done in 133ms @ http://localhost:3000/_next/static/chunks/01.s_next_dist_09bvr7k._.js:2431
[166826159ms] [LOG] [Fast Refresh] rebuilding @ http://localhost:3000/_next/static/chunks/01.s_next_dist_09bvr7k._.js:2431
[166826224ms] [LOG] [Fast Refresh] done in 172ms @ http://localhost:3000/_next/static/chunks/01.s_next_dist_09bvr7k._.js:2431
[166826340ms] [LOG] [Fast Refresh] rebuilding @ http://localhost:3000/_next/static/chunks/01.s_next_dist_09bvr7k._.js:2431
[166826364ms] [LOG] [Fast Refresh] done in 125ms @ http://localhost:3000/_next/static/chunks/01.s_next_dist_09bvr7k._.js:2431
[166826474ms] [LOG] [Fast Refresh] rebuilding @ http://localhost:3000/_next/static/chunks/01.s_next_dist_09bvr7k._.js:2431
[166826487ms] [LOG] [Fast Refresh] done in 115ms @ http://localhost:3000/_next/static/chunks/01.s_next_dist_09bvr7k._.js:2431
[166826769ms] [LOG] [Fast Refresh] rebuilding @ http://localhost:3000/_next/static/chunks/01.s_next_dist_09bvr7k._.js:2431
[166826783ms] [LOG] [Fast Refresh] done in 119ms @ http://localhost:3000/_next/static/chunks/01.s_next_dist_09bvr7k._.js:2431
[166826887ms] [LOG] [Fast Refresh] rebuilding @ http://localhost:3000/_next/static/chunks/01.s_next_dist_09bvr7k._.js:2431
[166826904ms] [LOG] [Fast Refresh] done in 119ms @ http://localhost:3000/_next/static/chunks/01.s_next_dist_09bvr7k._.js:2431
[166827083ms] [LOG] [Fast Refresh] rebuilding @ http://localhost:3000/_next/static/chunks/01.s_next_dist_09bvr7k._.js:2431
[166827125ms] [LOG] [Fast Refresh] done in 142ms @ http://localhost:3000/_next/static/chunks/01.s_next_dist_09bvr7k._.js:2431
[166827376ms] [LOG] [Fast Refresh] rebuilding @ http://localhost:3000/_next/static/chunks/01.s_next_dist_09bvr7k._.js:2431
[166827379ms] [LOG] [Fast Refresh] done in 104ms @ http://localhost:3000/_next/static/chunks/01.s_next_dist_09bvr7k._.js:2431
[166827487ms] [LOG] [Fast Refresh] rebuilding @ http://localhost:3000/_next/static/chunks/01.s_next_dist_09bvr7k._.js:2431
[166827530ms] [LOG] [Fast Refresh] done in 150ms @ http://localhost:3000/_next/static/chunks/01.s_next_dist_09bvr7k._.js:2431
[166827769ms] [LOG] [Fast Refresh] rebuilding @ http://localhost:3000/_next/static/chunks/01.s_next_dist_09bvr7k._.js:2431
[166827782ms] [LOG] [Fast Refresh] done in 117ms @ http://localhost:3000/_next/static/chunks/01.s_next_dist_09bvr7k._.js:2431
[166827907ms] [LOG] [Fast Refresh] rebuilding @ http://localhost:3000/_next/static/chunks/01.s_next_dist_09bvr7k._.js:2431
[166827926ms] [LOG] [Fast Refresh] done in 131ms @ http://localhost:3000/_next/static/chunks/01.s_next_dist_09bvr7k._.js:2431
[166828207ms] [LOG] [Fast Refresh] rebuilding @ http://localhost:3000/_next/static/chunks/01.s_next_dist_09bvr7k._.js:2431
[166828222ms] [LOG] [Fast Refresh] done in 117ms @ http://localhost:3000/_next/static/chunks/01.s_next_dist_09bvr7k._.js:2431
[166828459ms] [LOG] [Fast Refresh] rebuilding @ http://localhost:3000/_next/static/chunks/01.s_next_dist_09bvr7k._.js:2431
[166828476ms] [LOG] [Fast Refresh] done in 118ms @ http://localhost:3000/_next/static/chunks/01.s_next_dist_09bvr7k._.js:2431
[166828596ms] [LOG] [Fast Refresh] rebuilding @ http://localhost:3000/_next/static/chunks/01.s_next_dist_09bvr7k._.js:2431
[166828608ms] [LOG] [Fast Refresh] done in 115ms @ http://localhost:3000/_next/static/chunks/01.s_next_dist_09bvr7k._.js:2431
[166828741ms] [LOG] [Fast Refresh] rebuilding @ http://localhost:3000/_next/static/chunks/01.s_next_dist_09bvr7k._.js:2431
[166828749ms] [LOG] [Fast Refresh] done in 115ms @ http://localhost:3000/_next/static/chunks/01.s_next_dist_09bvr7k._.js:2431
[166828875ms] [LOG] [Fast Refresh] rebuilding @ http://localhost:3000/_next/static/chunks/01.s_next_dist_09bvr7k._.js:2431
[166828932ms] [LOG] [Fast Refresh] done in 156ms @ http://localhost:3000/_next/static/chunks/01.s_next_dist_09bvr7k._.js:2431
[166829248ms] [LOG] [Fast Refresh] rebuilding @ http://localhost:3000/_next/static/chunks/01.s_next_dist_09bvr7k._.js:2431
[166829248ms] [LOG] [Fast Refresh] done in 105ms @ http://localhost:3000/_next/static/chunks/01.s_next_dist_09bvr7k._.js:2431
[166830748ms] [LOG] [Fast Refresh] rebuilding @ http://localhost:3000/_next/static/chunks/01.s_next_dist_09bvr7k._.js:2431
[166830819ms] [LOG] [Fast Refresh] done in 175ms @ http://localhost:3000/_next/static/chunks/01.s_next_dist_09bvr7k._.js:2431
[166831687ms] [LOG] [Fast Refresh] rebuilding @ http://localhost:3000/_next/static/chunks/01.s_next_dist_09bvr7k._.js:2431
[166831705ms] [LOG] [Fast Refresh] done in 122ms @ http://localhost:3000/_next/static/chunks/01.s_next_dist_09bvr7k._.js:2431
[166833908ms] [LOG] [Fast Refresh] rebuilding @ http://localhost:3000/_next/static/chunks/01.s_next_dist_09bvr7k._.js:2431
[166833946ms] [LOG] [Fast Refresh] done in 139ms @ http://localhost:3000/_next/static/chunks/01.s_next_dist_09bvr7k._.js:2431
[166842101ms] [LOG] [Fast Refresh] rebuilding @ http://localhost:3000/_next/static/chunks/01.s_next_dist_09bvr7k._.js:2431
[166842857ms] [LOG] [Fast Refresh] done in 872ms @ http://localhost:3000/_next/static/chunks/01.s_next_dist_09bvr7k._.js:2431
[166897608ms] [LOG] [Fast Refresh] rebuilding @ http://localhost:3000/_next/static/chunks/01.s_next_dist_09bvr7k._.js:2431
[166899610ms] [LOG] [Fast Refresh] done in 2111ms @ http://localhost:3000/_next/static/chunks/01.s_next_dist_09bvr7k._.js:2431
[168090236ms] [LOG] [Fast Refresh] rebuilding @ http://localhost:3000/_next/static/chunks/01.s_next_dist_09bvr7k._.js:2431
[168090237ms] [LOG] [Fast Refresh] done in 104ms @ http://localhost:3000/_next/static/chunks/01.s_next_dist_09bvr7k._.js:2431
[168538709ms] [LOG] [Fast Refresh] rebuilding @ http://localhost:3000/_next/static/chunks/01.s_next_dist_09bvr7k._.js:2431
[168541286ms] [LOG] [Fast Refresh] done in 2647ms @ http://localhost:3000/_next/static/chunks/01.s_next_dist_09bvr7k._.js:2431
[168541409ms] [LOG] [Fast Refresh] rebuilding @ http://localhost:3000/_next/static/chunks/01.s_next_dist_09bvr7k._.js:2431
[168541660ms] [LOG] [Fast Refresh] done in 355ms @ http://localhost:3000/_next/static/chunks/01.s_next_dist_09bvr7k._.js:2431
[168541775ms] [LOG] [Fast Refresh] rebuilding @ http://localhost:3000/_next/static/chunks/01.s_next_dist_09bvr7k._.js:2431
[168542049ms] [LOG] [Fast Refresh] done in 376ms @ http://localhost:3000/_next/static/chunks/01.s_next_dist_09bvr7k._.js:2431
[168556043ms] [LOG] [Fast Refresh] rebuilding @ http://localhost:3000/_next/static/chunks/01.s_next_dist_09bvr7k._.js:2431
[168558375ms] [LOG] [Fast Refresh] done in 2418ms @ http://localhost:3000/_next/static/chunks/01.s_next_dist_09bvr7k._.js:2431
[168558509ms] [LOG] [Fast Refresh] rebuilding @ http://localhost:3000/_next/static/chunks/01.s_next_dist_09bvr7k._.js:2431
[168558723ms] [LOG] [Fast Refresh] done in 320ms @ http://localhost:3000/_next/static/chunks/01.s_next_dist_09bvr7k._.js:2431
[168558842ms] [LOG] [Fast Refresh] rebuilding @ http://localhost:3000/_next/static/chunks/01.s_next_dist_09bvr7k._.js:2431
[168559120ms] [LOG] [Fast Refresh] done in 387ms @ http://localhost:3000/_next/static/chunks/01.s_next_dist_09bvr7k._.js:2431
[170050726ms] [ERROR] WebSocket connection to 'ws://localhost:3000/_next/webpack-hmr?id=WDvzH4GA-1ocoDzKRrCPk' failed: Error in connection establishment: net::ERR_CONNECTION_REFUSED @ http://localhost:3000/_next/static/chunks/01.s_next_dist_client_0kff.~a._.js:13299
[170054097ms] [ERROR] WebSocket connection to 'ws://localhost:3000/_next/webpack-hmr?id=WDvzH4GA-1ocoDzKRrCPk' failed: Error in connection establishment: net::ERR_CONNECTION_REFUSED @ http://localhost:3000/_next/static/chunks/01.s_next_dist_client_0kff.~a._.js:13299
[170057461ms] [ERROR] WebSocket connection to 'ws://localhost:3000/_next/webpack-hmr?id=WDvzH4GA-1ocoDzKRrCPk' failed: Error in connection establishment: net::ERR_CONNECTION_REFUSED @ http://localhost:3000/_next/static/chunks/01.s_next_dist_client_0kff.~a._.js:13299
[170060826ms] [ERROR] WebSocket connection to 'ws://localhost:3000/_next/webpack-hmr?id=WDvzH4GA-1ocoDzKRrCPk' failed: Error in connection establishment: net::ERR_CONNECTION_REFUSED @ http://localhost:3000/_next/static/chunks/01.s_next_dist_client_0kff.~a._.js:13299
[170064179ms] [ERROR] WebSocket connection to 'ws://localhost:3000/_next/webpack-hmr?id=WDvzH4GA-1ocoDzKRrCPk' failed: Error in connection establishment: net::ERR_CONNECTION_REFUSED @ http://localhost:3000/_next/static/chunks/01.s_next_dist_client_0kff.~a._.js:13299
[170071546ms] [ERROR] WebSocket connection to 'ws://localhost:3000/_next/webpack-hmr?id=WDvzH4GA-1ocoDzKRrCPk' failed: Error in connection establishment: net::ERR_CONNECTION_REFUSED @ http://localhost:3000/_next/static/chunks/01.s_next_dist_client_0kff.~a._.js:13299
[170078913ms] [ERROR] WebSocket connection to 'ws://localhost:3000/_next/webpack-hmr?id=WDvzH4GA-1ocoDzKRrCPk' failed: Error in connection establishment: net::ERR_CONNECTION_REFUSED @ http://localhost:3000/_next/static/chunks/01.s_next_dist_client_0kff.~a._.js:13299
[170086287ms] [ERROR] WebSocket connection to 'ws://localhost:3000/_next/webpack-hmr?id=WDvzH4GA-1ocoDzKRrCPk' failed: Error in connection establishment: net::ERR_CONNECTION_REFUSED @ http://localhost:3000/_next/static/chunks/01.s_next_dist_client_0kff.~a._.js:13299
[170093663ms] [ERROR] WebSocket connection to 'ws://localhost:3000/_next/webpack-hmr?id=WDvzH4GA-1ocoDzKRrCPk' failed: Error in connection establishment: net::ERR_CONNECTION_REFUSED @ http://localhost:3000/_next/static/chunks/01.s_next_dist_client_0kff.~a._.js:13299
[170101079ms] [ERROR] WebSocket connection to 'ws://localhost:3000/_next/webpack-hmr?id=WDvzH4GA-1ocoDzKRrCPk' failed: Error in connection establishment: net::ERR_CONNECTION_REFUSED @ http://localhost:3000/_next/static/chunks/01.s_next_dist_client_0kff.~a._.js:13299
[170108500ms] [ERROR] WebSocket connection to 'ws://localhost:3000/_next/webpack-hmr?id=WDvzH4GA-1ocoDzKRrCPk' failed: Error in connection establishment: net::ERR_CONNECTION_REFUSED @ http://localhost:3000/_next/static/chunks/01.s_next_dist_client_0kff.~a._.js:13299
[170116022ms] [ERROR] WebSocket connection to 'ws://localhost:3000/_next/webpack-hmr?id=WDvzH4GA-1ocoDzKRrCPk' failed: Error in connection establishment: net::ERR_CONNECTION_REFUSED @ http://localhost:3000/_next/static/chunks/01.s_next_dist_client_0kff.~a._.js:13299
[171131396ms] [INFO] %cDownload the React DevTools for a better development experience: https://react.dev/link/react-devtools font-weight:bold @ http://localhost:3000/_next/static/chunks/01.s_next_dist_09bvr7k._.js:2431
[171131670ms] [LOG] [HMR] connected @ http://localhost:3000/_next/static/chunks/01.s_next_dist_09bvr7k._.js:2431
[171131861ms] [LOG] [Fast Refresh] rebuilding @ http://localhost:3000/_next/static/chunks/01.s_next_dist_09bvr7k._.js:2431
[171132398ms] [LOG] [Fast Refresh] done in 647ms @ http://localhost:3000/_next/static/chunks/01.s_next_dist_09bvr7k._.js:2431
[171135990ms] [LOG] [Fast Refresh] rebuilding @ http://localhost:3000/_next/static/chunks/01.s_next_dist_09bvr7k._.js:2431
[171136507ms] [LOG] [Fast Refresh] done in 626ms @ http://localhost:3000/_next/static/chunks/01.s_next_dist_09bvr7k._.js:2431
[171138730ms] [LOG] [Fast Refresh] rebuilding @ http://localhost:3000/_next/static/chunks/01.s_next_dist_09bvr7k._.js:2431
[171138930ms] [LOG] [Fast Refresh] done in 305ms @ http://localhost:3000/_next/static/chunks/01.s_next_dist_09bvr7k._.js:2431
[171569218ms] [LOG] [Fast Refresh] rebuilding @ http://localhost:3000/_next/static/chunks/01.s_next_dist_09bvr7k._.js:2431
[171569237ms] [LOG] [Fast Refresh] done in 125ms @ http://localhost:3000/_next/static/chunks/01.s_next_dist_09bvr7k._.js:2431
[171573093ms] [LOG] [Fast Refresh] rebuilding @ http://localhost:3000/_next/static/chunks/01.s_next_dist_09bvr7k._.js:2431
[171573204ms] [LOG] [Fast Refresh] done in 221ms @ http://localhost:3000/_next/static/chunks/01.s_next_dist_09bvr7k._.js:2431
[171575863ms] [LOG] [Fast Refresh] rebuilding @ http://localhost:3000/_next/static/chunks/01.s_next_dist_09bvr7k._.js:2431
[171575921ms] [LOG] [Fast Refresh] done in 176ms @ http://localhost:3000/_next/static/chunks/01.s_next_dist_09bvr7k._.js:2431
[171581390ms] [LOG] [Fast Refresh] rebuilding @ http://localhost:3000/_next/static/chunks/01.s_next_dist_09bvr7k._.js:2431
[171581810ms] [LOG] [Fast Refresh] done in 525ms @ http://localhost:3000/_next/static/chunks/01.s_next_dist_09bvr7k._.js:2431
[171583222ms] [LOG] [Fast Refresh] rebuilding @ http://localhost:3000/_next/static/chunks/01.s_next_dist_09bvr7k._.js:2431
[171583246ms] [LOG] [Fast Refresh] done in 133ms @ http://localhost:3000/_next/static/chunks/01.s_next_dist_09bvr7k._.js:2431
[171585402ms] [LOG] [Fast Refresh] rebuilding @ http://localhost:3000/_next/static/chunks/01.s_next_dist_09bvr7k._.js:2431
[171585445ms] [LOG] [Fast Refresh] done in 149ms @ http://localhost:3000/_next/static/chunks/01.s_next_dist_09bvr7k._.js:2431
[171589616ms] [LOG] [Fast Refresh] rebuilding @ http://localhost:3000/_next/static/chunks/01.s_next_dist_09bvr7k._.js:2431
[171589652ms] [LOG] [Fast Refresh] done in 140ms @ http://localhost:3000/_next/static/chunks/01.s_next_dist_09bvr7k._.js:2431
[171732226ms] [LOG] [Fast Refresh] rebuilding @ http://localhost:3000/_next/static/chunks/01.s_next_dist_09bvr7k._.js:2431
[171732258ms] [LOG] [Fast Refresh] done in 145ms @ http://localhost:3000/_next/static/chunks/01.s_next_dist_09bvr7k._.js:2431
[172158861ms] [LOG] [Fast Refresh] rebuilding @ http://localhost:3000/_next/static/chunks/01.s_next_dist_09bvr7k._.js:2431
[172158930ms] [LOG] [Fast Refresh] done in 183ms @ http://localhost:3000/_next/static/chunks/01.s_next_dist_09bvr7k._.js:2431
[172161405ms] [LOG] [Fast Refresh] rebuilding @ http://localhost:3000/_next/static/chunks/01.s_next_dist_09bvr7k._.js:2431
[172161459ms] [LOG] [Fast Refresh] done in 156ms @ http://localhost:3000/_next/static/chunks/01.s_next_dist_09bvr7k._.js:2431
[172429578ms] [LOG] [Fast Refresh] rebuilding @ http://localhost:3000/_next/static/chunks/01.s_next_dist_09bvr7k._.js:2431
[172432883ms] [LOG] [Fast Refresh] done in 3373ms @ http://localhost:3000/_next/static/chunks/01.s_next_dist_09bvr7k._.js:2431
[172433530ms] [LOG] [Fast Refresh] rebuilding @ http://localhost:3000/_next/static/chunks/01.s_next_dist_09bvr7k._.js:2431
[172433825ms] [LOG] [Fast Refresh] done in 400ms @ http://localhost:3000/_next/static/chunks/01.s_next_dist_09bvr7k._.js:2431
[172433929ms] [LOG] [Fast Refresh] rebuilding @ http://localhost:3000/_next/static/chunks/01.s_next_dist_09bvr7k._.js:2431
[172434024ms] [LOG] [Fast Refresh] done in 199ms @ http://localhost:3000/_next/static/chunks/01.s_next_dist_09bvr7k._.js:2431
[172450066ms] [LOG] [Fast Refresh] rebuilding @ http://localhost:3000/_next/static/chunks/01.s_next_dist_09bvr7k._.js:2431
[172452120ms] [LOG] [Fast Refresh] done in 2138ms @ http://localhost:3000/_next/static/chunks/01.s_next_dist_09bvr7k._.js:2431
[172452246ms] [LOG] [Fast Refresh] rebuilding @ http://localhost:3000/_next/static/chunks/01.s_next_dist_09bvr7k._.js:2431
[172453071ms] [LOG] [Fast Refresh] done in 929ms @ http://localhost:3000/_next/static/chunks/01.s_next_dist_09bvr7k._.js:2431
[172535268ms] [ERROR] WebSocket connection to 'ws://localhost:3000/_next/webpack-hmr?id=jHbskHEJM1q48gEfPOW2l' failed: Error in connection establishment: net::ERR_CONNECTION_REFUSED @ http://localhost:3000/_next/static/chunks/01.s_next_dist_client_0kff.~a._.js:13299
[172538629ms] [ERROR] WebSocket connection to 'ws://localhost:3000/_next/webpack-hmr?id=jHbskHEJM1q48gEfPOW2l' failed: Error in connection establishment: net::ERR_CONNECTION_REFUSED @ http://localhost:3000/_next/static/chunks/01.s_next_dist_client_0kff.~a._.js:13299
[172541982ms] [ERROR] WebSocket connection to 'ws://localhost:3000/_next/webpack-hmr?id=jHbskHEJM1q48gEfPOW2l' failed: Error in connection establishment: net::ERR_CONNECTION_REFUSED @ http://localhost:3000/_next/static/chunks/01.s_next_dist_client_0kff.~a._.js:13299
[172548953ms] [LOG] [HMR] connected @ http://localhost:3000/_next/static/chunks/01.s_next_dist_09bvr7k._.js:2431
[172555148ms] [INFO] %cDownload the React DevTools for a better development experience: https://react.dev/link/react-devtools font-weight:bold @ http://localhost:3000/_next/static/chunks/01.s_next_dist_09bvr7k._.js:2431
[172555205ms] [LOG] [HMR] connected @ http://localhost:3000/_next/static/chunks/01.s_next_dist_09bvr7k._.js:2431
[172559185ms] [LOG] [Fast Refresh] rebuilding @ http://localhost:3000/_next/static/chunks/01.s_next_dist_09bvr7k._.js:2431
[172559275ms] [LOG] [Fast Refresh] done in 192ms @ http://localhost:3000/_next/static/chunks/01.s_next_dist_09bvr7k._.js:2431
[172559417ms] [LOG] [Fast Refresh] rebuilding @ http://localhost:3000/_next/static/chunks/01.s_next_dist_09bvr7k._.js:2431
[172559497ms] [LOG] [Fast Refresh] done in 182ms @ http://localhost:3000/_next/static/chunks/01.s_next_dist_09bvr7k._.js:2431
[172560310ms] [LOG] [Fast Refresh] rebuilding @ http://localhost:3000/_next/static/chunks/01.s_next_dist_09bvr7k._.js:2431
[172560394ms] [LOG] [Fast Refresh] done in 196ms @ http://localhost:3000/_next/static/chunks/01.s_next_dist_09bvr7k._.js:2431
[172562927ms] [LOG] [Fast Refresh] rebuilding @ http://localhost:3000/_next/static/chunks/01.s_next_dist_09bvr7k._.js:2431
[172563126ms] [LOG] [Fast Refresh] done in 299ms @ http://localhost:3000/_next/static/chunks/01.s_next_dist_09bvr7k._.js:2431
[173193733ms] [LOG] [Fast Refresh] rebuilding @ http://localhost:3000/_next/static/chunks/01.s_next_dist_09bvr7k._.js:2431
[173193975ms] [LOG] [Fast Refresh] done in 351ms @ http://localhost:3000/_next/static/chunks/01.s_next_dist_09bvr7k._.js:2431
[173700070ms] [LOG] [Fast Refresh] rebuilding @ http://localhost:3000/_next/static/chunks/01.s_next_dist_09bvr7k._.js:2431
[173700203ms] [LOG] [Fast Refresh] done in 248ms @ http://localhost:3000/_next/static/chunks/01.s_next_dist_09bvr7k._.js:2431
[173700319ms] [LOG] [Fast Refresh] rebuilding @ http://localhost:3000/_next/static/chunks/01.s_next_dist_09bvr7k._.js:2431
[173700332ms] [LOG] [Fast Refresh] done in 128ms @ http://localhost:3000/_next/static/chunks/01.s_next_dist_09bvr7k._.js:2431
[174066254ms] [LOG] [Fast Refresh] rebuilding @ http://localhost:3000/_next/static/chunks/01.s_next_dist_09bvr7k._.js:2431
[174066784ms] [LOG] [Fast Refresh] done in 632ms @ http://localhost:3000/_next/static/chunks/01.s_next_dist_09bvr7k._.js:2431
[174075777ms] [LOG] [Fast Refresh] rebuilding @ http://localhost:3000/_next/static/chunks/01.s_next_dist_09bvr7k._.js:2431
[174080785ms] [LOG] [Fast Refresh] done in 5111ms @ http://localhost:3000/_next/static/chunks/01.s_next_dist_09bvr7k._.js:2431
[174080911ms] [LOG] [Fast Refresh] rebuilding @ http://localhost:3000/_next/static/chunks/01.s_next_dist_09bvr7k._.js:2431
[174081137ms] [LOG] [Fast Refresh] done in 332ms @ http://localhost:3000/_next/static/chunks/01.s_next_dist_09bvr7k._.js:2431
[174081238ms] [LOG] [Fast Refresh] rebuilding @ http://localhost:3000/_next/static/chunks/01.s_next_dist_09bvr7k._.js:2431
[174081588ms] [LOG] [Fast Refresh] done in 451ms @ http://localhost:3000/_next/static/chunks/01.s_next_dist_09bvr7k._.js:2431
[174081797ms] [LOG] [Fast Refresh] rebuilding @ http://localhost:3000/_next/static/chunks/01.s_next_dist_09bvr7k._.js:2431
[174081809ms] [LOG] [Fast Refresh] done in 125ms @ http://localhost:3000/_next/static/chunks/01.s_next_dist_09bvr7k._.js:2431
[174081915ms] [LOG] [Fast Refresh] rebuilding @ http://localhost:3000/_next/static/chunks/01.s_next_dist_09bvr7k._.js:2431
[174082040ms] [LOG] [Fast Refresh] done in 227ms @ http://localhost:3000/_next/static/chunks/01.s_next_dist_09bvr7k._.js:2431
[174082322ms] [LOG] [Fast Refresh] rebuilding @ http://localhost:3000/_next/static/chunks/01.s_next_dist_09bvr7k._.js:2431
[174082341ms] [LOG] [Fast Refresh] done in 123ms @ http://localhost:3000/_next/static/chunks/01.s_next_dist_09bvr7k._.js:2431
[174090314ms] [LOG] [Fast Refresh] rebuilding @ http://localhost:3000/_next/static/chunks/01.s_next_dist_09bvr7k._.js:2431
[174095194ms] [LOG] [Fast Refresh] done in 4986ms @ http://localhost:3000/_next/static/chunks/01.s_next_dist_09bvr7k._.js:2431
[174095320ms] [LOG] [Fast Refresh] rebuilding @ http://localhost:3000/_next/static/chunks/01.s_next_dist_09bvr7k._.js:2431
[174095480ms] [LOG] [Fast Refresh] done in 264ms @ http://localhost:3000/_next/static/chunks/01.s_next_dist_09bvr7k._.js:2431
[174095581ms] [LOG] [Fast Refresh] rebuilding @ http://localhost:3000/_next/static/chunks/01.s_next_dist_09bvr7k._.js:2431
[174095814ms] [LOG] [Fast Refresh] done in 334ms @ http://localhost:3000/_next/static/chunks/01.s_next_dist_09bvr7k._.js:2431
[174096031ms] [LOG] [Fast Refresh] rebuilding @ http://localhost:3000/_next/static/chunks/01.s_next_dist_09bvr7k._.js:2431
[174096101ms] [LOG] [Fast Refresh] done in 176ms @ http://localhost:3000/_next/static/chunks/01.s_next_dist_09bvr7k._.js:2431
[174096523ms] [LOG] [Fast Refresh] rebuilding @ http://localhost:3000/_next/static/chunks/01.s_next_dist_09bvr7k._.js:2431
[174096545ms] [LOG] [Fast Refresh] done in 126ms @ http://localhost:3000/_next/static/chunks/01.s_next_dist_09bvr7k._.js:2431
[174098685ms] [LOG] [Fast Refresh] rebuilding @ http://localhost:3000/_next/static/chunks/01.s_next_dist_09bvr7k._.js:2431
[174105442ms] [LOG] [Fast Refresh] done in 6861ms @ http://localhost:3000/_next/static/chunks/01.s_next_dist_09bvr7k._.js:2431
[174108645ms] [LOG] [Fast Refresh] rebuilding @ http://localhost:3000/_next/static/chunks/01.s_next_dist_09bvr7k._.js:2431
[174108832ms] [LOG] [Fast Refresh] done in 294ms @ http://localhost:3000/_next/static/chunks/01.s_next_dist_09bvr7k._.js:2431
[174108956ms] [LOG] [Fast Refresh] rebuilding @ http://localhost:3000/_next/static/chunks/01.s_next_dist_09bvr7k._.js:2431
[174109148ms] [LOG] [Fast Refresh] done in 293ms @ http://localhost:3000/_next/static/chunks/01.s_next_dist_09bvr7k._.js:2431
[174109347ms] [LOG] [Fast Refresh] rebuilding @ http://localhost:3000/_next/static/chunks/01.s_next_dist_09bvr7k._.js:2431
[174109408ms] [LOG] [Fast Refresh] done in 165ms @ http://localhost:3000/_next/static/chunks/01.s_next_dist_09bvr7k._.js:2431
[174109982ms] [LOG] [Fast Refresh] rebuilding @ http://localhost:3000/_next/static/chunks/01.s_next_dist_09bvr7k._.js:2431
[174110021ms] [LOG] [Fast Refresh] done in 141ms @ http://localhost:3000/_next/static/chunks/01.s_next_dist_09bvr7k._.js:2431
[174110123ms] [LOG] [Fast Refresh] rebuilding @ http://localhost:3000/_next/static/chunks/01.s_next_dist_09bvr7k._.js:2431
[174110124ms] [LOG] [Fast Refresh] done in 102ms @ http://localhost:3000/_next/static/chunks/01.s_next_dist_09bvr7k._.js:2431
[174126651ms] [LOG] [Fast Refresh] rebuilding @ http://localhost:3000/_next/static/chunks/01.s_next_dist_09bvr7k._.js:2431
[174131397ms] [LOG] [Fast Refresh] done in 4850ms @ http://localhost:3000/_next/static/chunks/01.s_next_dist_09bvr7k._.js:2431
[174131524ms] [LOG] [Fast Refresh] rebuilding @ http://localhost:3000/_next/static/chunks/01.s_next_dist_09bvr7k._.js:2431
[174131694ms] [LOG] [Fast Refresh] done in 273ms @ http://localhost:3000/_next/static/chunks/01.s_next_dist_09bvr7k._.js:2431
[174131797ms] [LOG] [Fast Refresh] rebuilding @ http://localhost:3000/_next/static/chunks/01.s_next_dist_09bvr7k._.js:2431
[174132158ms] [LOG] [Fast Refresh] done in 464ms @ http://localhost:3000/_next/static/chunks/01.s_next_dist_09bvr7k._.js:2431
[174132381ms] [LOG] [Fast Refresh] rebuilding @ http://localhost:3000/_next/static/chunks/01.s_next_dist_09bvr7k._.js:2431
[174132403ms] [LOG] [Fast Refresh] done in 126ms @ http://localhost:3000/_next/static/chunks/01.s_next_dist_09bvr7k._.js:2431
[174132715ms] [LOG] [Fast Refresh] rebuilding @ http://localhost:3000/_next/static/chunks/01.s_next_dist_09bvr7k._.js:2431
[174132746ms] [LOG] [Fast Refresh] done in 141ms @ http://localhost:3000/_next/static/chunks/01.s_next_dist_09bvr7k._.js:2431
[174133064ms] [LOG] [Fast Refresh] rebuilding @ http://localhost:3000/_next/static/chunks/01.s_next_dist_09bvr7k._.js:2431
[174133116ms] [LOG] [Fast Refresh] done in 158ms @ http://localhost:3000/_next/static/chunks/01.s_next_dist_09bvr7k._.js:2431
[174133264ms] [LOG] [Fast Refresh] rebuilding @ http://localhost:3000/_next/static/chunks/01.s_next_dist_09bvr7k._.js:2431
[174133301ms] [LOG] [Fast Refresh] done in 139ms @ http://localhost:3000/_next/static/chunks/01.s_next_dist_09bvr7k._.js:2431
[174961064ms] [LOG] [Fast Refresh] rebuilding @ http://localhost:3000/_next/static/chunks/01.s_next_dist_09bvr7k._.js:2431
[174961420ms] [LOG] [Fast Refresh] done in 463ms @ http://localhost:3000/_next/static/chunks/01.s_next_dist_09bvr7k._.js:2431
[177245833ms] [LOG] [Fast Refresh] rebuilding @ http://localhost:3000/_next/static/chunks/01.s_next_dist_09bvr7k._.js:2431
[177248824ms] [LOG] [Fast Refresh] done in 859ms @ http://localhost:3000/_next/static/chunks/01.s_next_dist_09bvr7k._.js:2431
[177248967ms] [LOG] [Fast Refresh] rebuilding @ http://localhost:3000/_next/static/chunks/01.s_next_dist_09bvr7k._.js:2431
[177249034ms] [LOG] [Fast Refresh] done in 175ms @ http://localhost:3000/_next/static/chunks/01.s_next_dist_09bvr7k._.js:2431
[177374725ms] [LOG] [Fast Refresh] rebuilding @ http://localhost:3000/_next/static/chunks/01.s_next_dist_09bvr7k._.js:2431
[177375204ms] [LOG] [Fast Refresh] done in 592ms @ http://localhost:3000/_next/static/chunks/01.s_next_dist_09bvr7k._.js:2431
[177667829ms] [LOG] [Fast Refresh] rebuilding @ http://localhost:3000/_next/static/chunks/01.s_next_dist_09bvr7k._.js:2431
[177668992ms] [LOG] [Fast Refresh] done in 1254ms @ http://localhost:3000/_next/static/chunks/01.s_next_dist_09bvr7k._.js:2431
[177669256ms] [LOG] [Fast Refresh] rebuilding @ http://localhost:3000/_next/static/chunks/01.s_next_dist_09bvr7k._.js:2431
[177669286ms] [LOG] [Fast Refresh] done in 139ms @ http://localhost:3000/_next/static/chunks/01.s_next_dist_09bvr7k._.js:2431
[177669399ms] [LOG] [Fast Refresh] rebuilding @ http://localhost:3000/_next/static/chunks/01.s_next_dist_09bvr7k._.js:2431
[177669668ms] [LOG] [Fast Refresh] done in 370ms @ http://localhost:3000/_next/static/chunks/01.s_next_dist_09bvr7k._.js:2431
[177669865ms] [LOG] [Fast Refresh] rebuilding @ http://localhost:3000/_next/static/chunks/01.s_next_dist_09bvr7k._.js:2431
[177670004ms] [LOG] [Fast Refresh] done in 241ms @ http://localhost:3000/_next/static/chunks/01.s_next_dist_09bvr7k._.js:2431
[177670347ms] [LOG] [Fast Refresh] rebuilding @ http://localhost:3000/_next/static/chunks/01.s_next_dist_09bvr7k._.js:2431
[177670487ms] [LOG] [Fast Refresh] done in 245ms @ http://localhost:3000/_next/static/chunks/01.s_next_dist_09bvr7k._.js:2431
[177670884ms] [LOG] [Fast Refresh] rebuilding @ http://localhost:3000/_next/static/chunks/01.s_next_dist_09bvr7k._.js:2431
[177670909ms] [LOG] [Fast Refresh] done in 129ms @ http://localhost:3000/_next/static/chunks/01.s_next_dist_09bvr7k._.js:2431
[177671109ms] [LOG] [Fast Refresh] rebuilding @ http://localhost:3000/_next/static/chunks/01.s_next_dist_09bvr7k._.js:2431
[177671139ms] [LOG] [Fast Refresh] done in 130ms @ http://localhost:3000/_next/static/chunks/01.s_next_dist_09bvr7k._.js:2431
[177671412ms] [LOG] [Fast Refresh] rebuilding @ http://localhost:3000/_next/static/chunks/01.s_next_dist_09bvr7k._.js:2431
[177671431ms] [LOG] [Fast Refresh] done in 125ms @ http://localhost:3000/_next/static/chunks/01.s_next_dist_09bvr7k._.js:2431
[177672450ms] [LOG] [Fast Refresh] rebuilding @ http://localhost:3000/_next/static/chunks/01.s_next_dist_09bvr7k._.js:2431
[177673846ms] [LOG] [Fast Refresh] done in 1502ms @ http://localhost:3000/_next/static/chunks/01.s_next_dist_09bvr7k._.js:2431
[177674093ms] [LOG] [Fast Refresh] rebuilding @ http://localhost:3000/_next/static/chunks/01.s_next_dist_09bvr7k._.js:2431
[177674115ms] [LOG] [Fast Refresh] done in 129ms @ http://localhost:3000/_next/static/chunks/01.s_next_dist_09bvr7k._.js:2431
[177675251ms] [LOG] [Fast Refresh] rebuilding @ http://localhost:3000/_next/static/chunks/01.s_next_dist_09bvr7k._.js:2431
[177675289ms] [LOG] [Fast Refresh] done in 140ms @ http://localhost:3000/_next/static/chunks/01.s_next_dist_09bvr7k._.js:2431
[177675777ms] [LOG] [Fast Refresh] rebuilding @ http://localhost:3000/_next/static/chunks/01.s_next_dist_09bvr7k._.js:2431
[177675829ms] [LOG] [Fast Refresh] done in 153ms @ http://localhost:3000/_next/static/chunks/01.s_next_dist_09bvr7k._.js:2431
[177694836ms] [LOG] [Fast Refresh] rebuilding @ http://localhost:3000/_next/static/chunks/01.s_next_dist_09bvr7k._.js:2431
[177695780ms] [LOG] [Fast Refresh] done in 1030ms @ http://localhost:3000/_next/static/chunks/01.s_next_dist_09bvr7k._.js:2431
[177695909ms] [LOG] [Fast Refresh] rebuilding @ http://localhost:3000/_next/static/chunks/01.s_next_dist_09bvr7k._.js:2431
[177696194ms] [LOG] [Fast Refresh] done in 385ms @ http://localhost:3000/_next/static/chunks/01.s_next_dist_09bvr7k._.js:2431
[177696298ms] [LOG] [Fast Refresh] rebuilding @ http://localhost:3000/_next/static/chunks/01.s_next_dist_09bvr7k._.js:2431
[177696401ms] [LOG] [Fast Refresh] done in 206ms @ http://localhost:3000/_next/static/chunks/01.s_next_dist_09bvr7k._.js:2431
[177696684ms] [LOG] [Fast Refresh] rebuilding @ http://localhost:3000/_next/static/chunks/01.s_next_dist_09bvr7k._.js:2431
[177696780ms] [LOG] [Fast Refresh] done in 197ms @ http://localhost:3000/_next/static/chunks/01.s_next_dist_09bvr7k._.js:2431
[177706448ms] [LOG] [Fast Refresh] rebuilding @ http://localhost:3000/_next/static/chunks/01.s_next_dist_09bvr7k._.js:2431
[177707160ms] [LOG] [Fast Refresh] done in 818ms @ http://localhost:3000/_next/static/chunks/01.s_next_dist_09bvr7k._.js:2431
[177707292ms] [LOG] [Fast Refresh] rebuilding @ http://localhost:3000/_next/static/chunks/01.s_next_dist_09bvr7k._.js:2431
[177707404ms] [LOG] [Fast Refresh] done in 215ms @ http://localhost:3000/_next/static/chunks/01.s_next_dist_09bvr7k._.js:2431
[177707511ms] [LOG] [Fast Refresh] rebuilding @ http://localhost:3000/_next/static/chunks/01.s_next_dist_09bvr7k._.js:2431
[177707626ms] [LOG] [Fast Refresh] done in 220ms @ http://localhost:3000/_next/static/chunks/01.s_next_dist_09bvr7k._.js:2431
[177707835ms] [LOG] [Fast Refresh] rebuilding @ http://localhost:3000/_next/static/chunks/01.s_next_dist_09bvr7k._.js:2431
[177707875ms] [LOG] [Fast Refresh] done in 145ms @ http://localhost:3000/_next/static/chunks/01.s_next_dist_09bvr7k._.js:2431
[177711631ms] [LOG] [Fast Refresh] rebuilding @ http://localhost:3000/_next/static/chunks/01.s_next_dist_09bvr7k._.js:2431
[177711632ms] [LOG] [Fast Refresh] done in 109ms @ http://localhost:3000/_next/static/chunks/01.s_next_dist_09bvr7k._.js:2431
[177716114ms] [LOG] [Fast Refresh] rebuilding @ http://localhost:3000/_next/static/chunks/01.s_next_dist_09bvr7k._.js:2431
[177716252ms] [LOG] [Fast Refresh] done in 247ms @ http://localhost:3000/_next/static/chunks/01.s_next_dist_09bvr7k._.js:2431
[179580011ms] [LOG] [Fast Refresh] rebuilding @ http://localhost:3000/_next/static/chunks/01.s_next_dist_09bvr7k._.js:2431
[179584469ms] [LOG] [Fast Refresh] done in 4564ms @ http://localhost:3000/_next/static/chunks/01.s_next_dist_09bvr7k._.js:2431
[179584590ms] [LOG] [Fast Refresh] rebuilding @ http://localhost:3000/_next/static/chunks/01.s_next_dist_09bvr7k._.js:2431
[179585125ms] [LOG] [Fast Refresh] done in 637ms @ http://localhost:3000/_next/static/chunks/01.s_next_dist_09bvr7k._.js:2431
[179585255ms] [LOG] [Fast Refresh] rebuilding @ http://localhost:3000/_next/static/chunks/01.s_next_dist_09bvr7k._.js:2431
[179585411ms] [LOG] [Fast Refresh] done in 256ms @ http://localhost:3000/_next/static/chunks/01.s_next_dist_09bvr7k._.js:2431
[179585706ms] [LOG] [Fast Refresh] rebuilding @ http://localhost:3000/_next/static/chunks/01.s_next_dist_09bvr7k._.js:2431
[179585770ms] [LOG] [Fast Refresh] done in 178ms @ http://localhost:3000/_next/static/chunks/01.s_next_dist_09bvr7k._.js:2431
[179586014ms] [LOG] [Fast Refresh] rebuilding @ http://localhost:3000/_next/static/chunks/01.s_next_dist_09bvr7k._.js:2431
[179586029ms] [LOG] [Fast Refresh] done in 122ms @ http://localhost:3000/_next/static/chunks/01.s_next_dist_09bvr7k._.js:2431
[179592447ms] [LOG] [Fast Refresh] rebuilding @ http://localhost:3000/_next/static/chunks/01.s_next_dist_09bvr7k._.js:2431
[179596418ms] [LOG] [Fast Refresh] done in 4074ms @ http://localhost:3000/_next/static/chunks/01.s_next_dist_09bvr7k._.js:2431
[179596553ms] [LOG] [Fast Refresh] rebuilding @ http://localhost:3000/_next/static/chunks/01.s_next_dist_09bvr7k._.js:2431
[179596913ms] [LOG] [Fast Refresh] done in 472ms @ http://localhost:3000/_next/static/chunks/01.s_next_dist_09bvr7k._.js:2431
[179597052ms] [LOG] [Fast Refresh] rebuilding @ http://localhost:3000/_next/static/chunks/01.s_next_dist_09bvr7k._.js:2431
[179597055ms] [LOG] [Fast Refresh] done in 108ms @ http://localhost:3000/_next/static/chunks/01.s_next_dist_09bvr7k._.js:2431
[179597230ms] [LOG] [Fast Refresh] rebuilding @ http://localhost:3000/_next/static/chunks/01.s_next_dist_09bvr7k._.js:2431
[179597279ms] [LOG] [Fast Refresh] done in 158ms @ http://localhost:3000/_next/static/chunks/01.s_next_dist_09bvr7k._.js:2431
[179597420ms] [LOG] [Fast Refresh] rebuilding @ http://localhost:3000/_next/static/chunks/01.s_next_dist_09bvr7k._.js:2431
[179597567ms] [LOG] [Fast Refresh] done in 252ms @ http://localhost:3000/_next/static/chunks/01.s_next_dist_09bvr7k._.js:2431
[179643771ms] [LOG] [Fast Refresh] rebuilding @ http://localhost:3000/_next/static/chunks/01.s_next_dist_09bvr7k._.js:2431
[179645556ms] [LOG] [Fast Refresh] done in 1866ms @ http://localhost:3000/_next/static/chunks/01.s_next_dist_09bvr7k._.js:2431
[179645686ms] [LOG] [Fast Refresh] rebuilding @ http://localhost:3000/_next/static/chunks/01.s_next_dist_09bvr7k._.js:2431
[179646057ms] [LOG] [Fast Refresh] done in 474ms @ http://localhost:3000/_next/static/chunks/01.s_next_dist_09bvr7k._.js:2431
[179646186ms] [LOG] [Fast Refresh] rebuilding @ http://localhost:3000/_next/static/chunks/01.s_next_dist_09bvr7k._.js:2431
[179646207ms] [LOG] [Fast Refresh] done in 135ms @ http://localhost:3000/_next/static/chunks/01.s_next_dist_09bvr7k._.js:2431
[179647343ms] [LOG] [Fast Refresh] rebuilding @ http://localhost:3000/_next/static/chunks/01.s_next_dist_09bvr7k._.js:2431
[179648857ms] [LOG] [Fast Refresh] done in 1597ms @ http://localhost:3000/_next/static/chunks/01.s_next_dist_09bvr7k._.js:2431
[179648981ms] [LOG] [Fast Refresh] rebuilding @ http://localhost:3000/_next/static/chunks/01.s_next_dist_09bvr7k._.js:2431
[179649243ms] [LOG] [Fast Refresh] done in 369ms @ http://localhost:3000/_next/static/chunks/01.s_next_dist_09bvr7k._.js:2431
[179649465ms] [LOG] [Fast Refresh] rebuilding @ http://localhost:3000/_next/static/chunks/01.s_next_dist_09bvr7k._.js:2431
[179649523ms] [LOG] [Fast Refresh] done in 161ms @ http://localhost:3000/_next/static/chunks/01.s_next_dist_09bvr7k._.js:2431
[179661168ms] [LOG] [Fast Refresh] rebuilding @ http://localhost:3000/_next/static/chunks/01.s_next_dist_09bvr7k._.js:2431
[179662570ms] [LOG] [Fast Refresh] done in 1485ms @ http://localhost:3000/_next/static/chunks/01.s_next_dist_09bvr7k._.js:2431
[179662695ms] [LOG] [Fast Refresh] rebuilding @ http://localhost:3000/_next/static/chunks/01.s_next_dist_09bvr7k._.js:2431
[179663020ms] [LOG] [Fast Refresh] done in 425ms @ http://localhost:3000/_next/static/chunks/01.s_next_dist_09bvr7k._.js:2431
[179663136ms] [LOG] [Fast Refresh] rebuilding @ http://localhost:3000/_next/static/chunks/01.s_next_dist_09bvr7k._.js:2431
[179663158ms] [LOG] [Fast Refresh] done in 125ms @ http://localhost:3000/_next/static/chunks/01.s_next_dist_09bvr7k._.js:2431
[181468301ms] [LOG] [Fast Refresh] rebuilding @ http://localhost:3000/_next/static/chunks/01.s_next_dist_09bvr7k._.js:2431
[181468302ms] [LOG] [Fast Refresh] done in 108ms @ http://localhost:3000/_next/static/chunks/01.s_next_dist_09bvr7k._.js:2431
[181616708ms] [ERROR] WebSocket connection to 'ws://localhost:3000/_next/webpack-hmr?id=IzmwwYnNxtWM7XqoSJ3kT' failed: Error in connection establishment: net::ERR_CONNECTION_REFUSED @ http://localhost:3000/_next/static/chunks/01.s_next_dist_client_0kff.~a._.js:13299
[181620066ms] [ERROR] WebSocket connection to 'ws://localhost:3000/_next/webpack-hmr?id=IzmwwYnNxtWM7XqoSJ3kT' failed: Error in connection establishment: net::ERR_CONNECTION_REFUSED @ http://localhost:3000/_next/static/chunks/01.s_next_dist_client_0kff.~a._.js:13299
[181626211ms] [LOG] [HMR] connected @ http://localhost:3000/_next/static/chunks/01.s_next_dist_09bvr7k._.js:2431
[181628584ms] [INFO] %cDownload the React DevTools for a better development experience: https://react.dev/link/react-devtools font-weight:bold @ http://localhost:3000/_next/static/chunks/01.s_next_dist_09bvr7k._.js:2431
[181628636ms] [LOG] [HMR] connected @ http://localhost:3000/_next/static/chunks/01.s_next_dist_09bvr7k._.js:2431
[181628832ms] [LOG] [Fast Refresh] rebuilding @ http://localhost:3000/_next/static/chunks/01.s_next_dist_09bvr7k._.js:2431
[181629061ms] [LOG] [Fast Refresh] done in 329ms @ http://localhost:3000/_next/static/chunks/01.s_next_dist_09bvr7k._.js:2431
[181708550ms] [LOG] [Fast Refresh] rebuilding @ http://localhost:3000/_next/static/chunks/01.s_next_dist_09bvr7k._.js:2431
[181708669ms] [LOG] [Fast Refresh] done in 234ms @ http://localhost:3000/_next/static/chunks/01.s_next_dist_09bvr7k._.js:2431
[182697377ms] [LOG] [Fast Refresh] rebuilding @ http://localhost:3000/_next/static/chunks/01.s_next_dist_09bvr7k._.js:2431
[182697397ms] [LOG] [Fast Refresh] done in 121ms @ http://localhost:3000/_next/static/chunks/01.s_next_dist_09bvr7k._.js:2431
[182887613ms] [LOG] [Fast Refresh] rebuilding @ http://localhost:3000/_next/static/chunks/01.s_next_dist_09bvr7k._.js:2431
[182889058ms] [LOG] [Fast Refresh] done in 1528ms @ http://localhost:3000/_next/static/chunks/01.s_next_dist_09bvr7k._.js:2431
[182889188ms] [LOG] [Fast Refresh] rebuilding @ http://localhost:3000/_next/static/chunks/01.s_next_dist_09bvr7k._.js:2431
[182889574ms] [LOG] [Fast Refresh] done in 495ms @ http://localhost:3000/_next/static/chunks/01.s_next_dist_09bvr7k._.js:2431
[182891210ms] [LOG] [Fast Refresh] rebuilding @ http://localhost:3000/_next/static/chunks/01.s_next_dist_09bvr7k._.js:2431
[182892416ms] [LOG] [Fast Refresh] done in 1289ms @ http://localhost:3000/_next/static/chunks/01.s_next_dist_09bvr7k._.js:2431
[182892537ms] [LOG] [Fast Refresh] rebuilding @ http://localhost:3000/_next/static/chunks/01.s_next_dist_09bvr7k._.js:2431
[182892851ms] [LOG] [Fast Refresh] done in 415ms @ http://localhost:3000/_next/static/chunks/01.s_next_dist_09bvr7k._.js:2431
[182906118ms] [LOG] [Fast Refresh] rebuilding @ http://localhost:3000/_next/static/chunks/01.s_next_dist_09bvr7k._.js:2431
[182906984ms] [LOG] [Fast Refresh] done in 946ms @ http://localhost:3000/_next/static/chunks/01.s_next_dist_09bvr7k._.js:2431
[182907100ms] [LOG] [Fast Refresh] rebuilding @ http://localhost:3000/_next/static/chunks/01.s_next_dist_09bvr7k._.js:2431
[182907319ms] [LOG] [Fast Refresh] done in 319ms @ http://localhost:3000/_next/static/chunks/01.s_next_dist_09bvr7k._.js:2431
[182925188ms] [ERROR] WebSocket connection to 'ws://localhost:3000/_next/webpack-hmr?id=KI5B8NddH_W7rkM4q-pGV' failed: Error in connection establishment: net::ERR_CONNECTION_REFUSED @ http://localhost:3000/_next/static/chunks/01.s_next_dist_client_0kff.~a._.js:13299
[182930420ms] [LOG] [HMR] connected @ http://localhost:3000/_next/static/chunks/01.s_next_dist_09bvr7k._.js:2431
[182932526ms] [INFO] %cDownload the React DevTools for a better development experience: https://react.dev/link/react-devtools font-weight:bold @ http://localhost:3000/_next/static/chunks/01.s_next_dist_09bvr7k._.js:2431
[182932542ms] [LOG] [HMR] connected @ http://localhost:3000/_next/static/chunks/01.s_next_dist_09bvr7k._.js:2431
[182932734ms] [LOG] [Fast Refresh] rebuilding @ http://localhost:3000/_next/static/chunks/01.s_next_dist_09bvr7k._.js:2431
[182932878ms] [LOG] [Fast Refresh] done in 244ms @ http://localhost:3000/_next/static/chunks/01.s_next_dist_09bvr7k._.js:2431
[183282906ms] [LOG] [Fast Refresh] rebuilding @ http://localhost:3000/_next/static/chunks/01.s_next_dist_09bvr7k._.js:2431
[183283211ms] [LOG] [Fast Refresh] done in 415ms @ http://localhost:3000/_next/static/chunks/01.s_next_dist_09bvr7k._.js:2431
[183395811ms] [LOG] [Fast Refresh] rebuilding @ http://localhost:3000/_next/static/chunks/01.s_next_dist_09bvr7k._.js:2431
[183395829ms] [LOG] [Fast Refresh] done in 130ms @ http://localhost:3000/_next/static/chunks/01.s_next_dist_09bvr7k._.js:2431
[183515097ms] [LOG] [Fast Refresh] rebuilding @ http://localhost:3000/_next/static/chunks/01.s_next_dist_09bvr7k._.js:2431
[183516945ms] [LOG] [Fast Refresh] done in 1921ms @ http://localhost:3000/_next/static/chunks/01.s_next_dist_09bvr7k._.js:2431
[183517083ms] [LOG] [Fast Refresh] rebuilding @ http://localhost:3000/_next/static/chunks/01.s_next_dist_09bvr7k._.js:2431
[183517666ms] [LOG] [Fast Refresh] done in 687ms @ http://localhost:3000/_next/static/chunks/01.s_next_dist_09bvr7k._.js:2431
[183846288ms] [ERROR] WebSocket connection to 'ws://localhost:3000/_next/webpack-hmr?id=IMHGvDz01YMFN6XY7j_Tp' failed: Error in connection establishment: net::ERR_CONNECTION_REFUSED @ http://localhost:3000/_next/static/chunks/01.s_next_dist_client_0kff.~a._.js:13299
[183849638ms] [ERROR] WebSocket connection to 'ws://localhost:3000/_next/webpack-hmr?id=IMHGvDz01YMFN6XY7j_Tp' failed: Error in connection establishment: net::ERR_CONNECTION_REFUSED @ http://localhost:3000/_next/static/chunks/01.s_next_dist_client_0kff.~a._.js:13299
[183853775ms] [LOG] [HMR] connected @ http://localhost:3000/_next/static/chunks/01.s_next_dist_09bvr7k._.js:2431
[183856717ms] [INFO] %cDownload the React DevTools for a better development experience: https://react.dev/link/react-devtools font-weight:bold @ http://localhost:3000/_next/static/chunks/01.s_next_dist_09bvr7k._.js:2431
[183856755ms] [LOG] [HMR] connected @ http://localhost:3000/_next/static/chunks/01.s_next_dist_09bvr7k._.js:2431
[183856887ms] [LOG] [Fast Refresh] rebuilding @ http://localhost:3000/_next/static/chunks/01.s_next_dist_09bvr7k._.js:2431
[183857001ms] [LOG] [Fast Refresh] done in 220ms @ http://localhost:3000/_next/static/chunks/01.s_next_dist_09bvr7k._.js:2431
[183861839ms] [LOG] [Fast Refresh] rebuilding @ http://localhost:3000/_next/static/chunks/01.s_next_dist_09bvr7k._.js:2431
[183861849ms] [LOG] [Fast Refresh] done in 110ms @ http://localhost:3000/_next/static/chunks/01.s_next_dist_09bvr7k._.js:2431
[184378677ms] [LOG] [Fast Refresh] rebuilding @ http://localhost:3000/_next/static/chunks/01.s_next_dist_09bvr7k._.js:2431
[184378813ms] [LOG] [Fast Refresh] done in 248ms @ http://localhost:3000/_next/static/chunks/01.s_next_dist_09bvr7k._.js:2431
[186186573ms] [LOG] [Fast Refresh] rebuilding @ http://localhost:3000/_next/static/chunks/01.s_next_dist_09bvr7k._.js:2431
[186192083ms] [LOG] [Fast Refresh] done in 5268ms @ http://localhost:3000/_next/static/chunks/01.s_next_dist_09bvr7k._.js:2431
[187068553ms] [LOG] [Fast Refresh] rebuilding @ http://localhost:3000/_next/static/chunks/01.s_next_dist_09bvr7k._.js:2431
[187068562ms] [LOG] [Fast Refresh] done in 110ms @ http://localhost:3000/_next/static/chunks/01.s_next_dist_09bvr7k._.js:2431
[188481126ms] [LOG] [Fast Refresh] rebuilding @ http://localhost:3000/_next/static/chunks/01.s_next_dist_09bvr7k._.js:2431
[188482108ms] [LOG] [Fast Refresh] done in 1084ms @ http://localhost:3000/_next/static/chunks/01.s_next_dist_09bvr7k._.js:2431
[188484976ms] [LOG] [Fast Refresh] rebuilding @ http://localhost:3000/_next/static/chunks/01.s_next_dist_09bvr7k._.js:2431
[188496964ms] [LOG] [Fast Refresh] done in 12089ms @ http://localhost:3000/_next/static/chunks/01.s_next_dist_09bvr7k._.js:2431
[188498578ms] [LOG] [Fast Refresh] rebuilding @ http://localhost:3000/_next/static/chunks/01.s_next_dist_09bvr7k._.js:2431
[188499244ms] [LOG] [Fast Refresh] done in 776ms @ http://localhost:3000/_next/static/chunks/01.s_next_dist_09bvr7k._.js:2431
[188499385ms] [LOG] [Fast Refresh] rebuilding @ http://localhost:3000/_next/static/chunks/01.s_next_dist_09bvr7k._.js:2431
[188499410ms] [LOG] [Fast Refresh] done in 126ms @ http://localhost:3000/_next/static/chunks/01.s_next_dist_09bvr7k._.js:2431
[188499656ms] [LOG] [Fast Refresh] rebuilding @ http://localhost:3000/_next/static/chunks/01.s_next_dist_09bvr7k._.js:2431
[188499713ms] [LOG] [Fast Refresh] done in 165ms @ http://localhost:3000/_next/static/chunks/01.s_next_dist_09bvr7k._.js:2431
[188499877ms] [LOG] [Fast Refresh] rebuilding @ http://localhost:3000/_next/static/chunks/01.s_next_dist_09bvr7k._.js:2431
[188499905ms] [LOG] [Fast Refresh] done in 141ms @ http://localhost:3000/_next/static/chunks/01.s_next_dist_09bvr7k._.js:2431
[188500012ms] [LOG] [Fast Refresh] rebuilding @ http://localhost:3000/_next/static/chunks/01.s_next_dist_09bvr7k._.js:2431
[188500013ms] [LOG] [Fast Refresh] done in 108ms @ http://localhost:3000/_next/static/chunks/01.s_next_dist_09bvr7k._.js:2431
[188500444ms] [LOG] [Fast Refresh] rebuilding @ http://localhost:3000/_next/static/chunks/01.s_next_dist_09bvr7k._.js:2431
[188500556ms] [LOG] [Fast Refresh] done in 218ms @ http://localhost:3000/_next/static/chunks/01.s_next_dist_09bvr7k._.js:2431
[188500661ms] [LOG] [Fast Refresh] rebuilding @ http://localhost:3000/_next/static/chunks/01.s_next_dist_09bvr7k._.js:2431
[188508330ms] [LOG] [Fast Refresh] done in 7771ms @ http://localhost:3000/_next/static/chunks/01.s_next_dist_09bvr7k._.js:2431
[188513695ms] [LOG] [Fast Refresh] rebuilding @ http://localhost:3000/_next/static/chunks/01.s_next_dist_09bvr7k._.js:2431
[188514015ms] [LOG] [Fast Refresh] done in 429ms @ http://localhost:3000/_next/static/chunks/01.s_next_dist_09bvr7k._.js:2431
[188516244ms] [LOG] [Fast Refresh] rebuilding @ http://localhost:3000/_next/static/chunks/01.s_next_dist_09bvr7k._.js:2431
[188516261ms] [LOG] [Fast Refresh] done in 119ms @ http://localhost:3000/_next/static/chunks/01.s_next_dist_09bvr7k._.js:2431
[188530050ms] [LOG] [Fast Refresh] rebuilding @ http://localhost:3000/_next/static/chunks/01.s_next_dist_09bvr7k._.js:2431
[188532240ms] [LOG] [Fast Refresh] done in 2124ms @ http://localhost:3000/_next/static/chunks/01.s_next_dist_09bvr7k._.js:2431
[188532373ms] [LOG] [Fast Refresh] rebuilding @ http://localhost:3000/_next/static/chunks/01.s_next_dist_09bvr7k._.js:2431
[188532702ms] [LOG] [Fast Refresh] done in 430ms @ http://localhost:3000/_next/static/chunks/01.s_next_dist_09bvr7k._.js:2431
[188567406ms] [ERROR] WebSocket connection to 'ws://localhost:3000/_next/webpack-hmr?id=7GOo48S-R4l0Qnl2J7Zyi' failed: Error in connection establishment: net::ERR_CONNECTION_REFUSED @ http://localhost:3000/_next/static/chunks/01.s_next_dist_client_0kff.~a._.js:13299
[188570766ms] [ERROR] WebSocket connection to 'ws://localhost:3000/_next/webpack-hmr?id=7GOo48S-R4l0Qnl2J7Zyi' failed: Error in connection establishment: net::ERR_CONNECTION_REFUSED @ http://localhost:3000/_next/static/chunks/01.s_next_dist_client_0kff.~a._.js:13299
[188581024ms] [LOG] [HMR] connected @ http://localhost:3000/_next/static/chunks/01.s_next_dist_09bvr7k._.js:2431
[188587537ms] [INFO] %cDownload the React DevTools for a better development experience: https://react.dev/link/react-devtools font-weight:bold @ http://localhost:3000/_next/static/chunks/01.s_next_dist_09bvr7k._.js:2431
[188587577ms] [LOG] [HMR] connected @ http://localhost:3000/_next/static/chunks/01.s_next_dist_09bvr7k._.js:2431
[188587723ms] [LOG] [Fast Refresh] rebuilding @ http://localhost:3000/_next/static/chunks/01.s_next_dist_09bvr7k._.js:2431
[188587942ms] [LOG] [Fast Refresh] done in 320ms @ http://localhost:3000/_next/static/chunks/01.s_next_dist_09bvr7k._.js:2431
[188591275ms] [LOG] [Fast Refresh] rebuilding @ http://localhost:3000/_next/static/chunks/01.s_next_dist_09bvr7k._.js:2431
[188591380ms] [LOG] [Fast Refresh] done in 219ms @ http://localhost:3000/_next/static/chunks/01.s_next_dist_09bvr7k._.js:2431
[188591505ms] [LOG] [Fast Refresh] rebuilding @ http://localhost:3000/_next/static/chunks/01.s_next_dist_09bvr7k._.js:2431
[188591685ms] [LOG] [Fast Refresh] done in 288ms @ http://localhost:3000/_next/static/chunks/01.s_next_dist_09bvr7k._.js:2431
[188593883ms] [LOG] [Fast Refresh] rebuilding @ http://localhost:3000/_next/static/chunks/01.s_next_dist_09bvr7k._.js:2431
[188593966ms] [LOG] [Fast Refresh] done in 196ms @ http://localhost:3000/_next/static/chunks/01.s_next_dist_09bvr7k._.js:2431
[188670392ms] [LOG] [Fast Refresh] rebuilding @ http://localhost:3000/_next/static/chunks/01.s_next_dist_09bvr7k._.js:2431
[188675304ms] [LOG] [Fast Refresh] done in 5027ms @ http://localhost:3000/_next/static/chunks/01.s_next_dist_09bvr7k._.js:2431
[189561263ms] [LOG] [Fast Refresh] rebuilding @ http://localhost:3000/_next/static/chunks/01.s_next_dist_09bvr7k._.js:2431
[189561304ms] [LOG] [Fast Refresh] done in 144ms @ http://localhost:3000/_next/static/chunks/01.s_next_dist_09bvr7k._.js:2431
[189619391ms] [LOG] [Fast Refresh] rebuilding @ http://localhost:3000/_next/static/chunks/01.s_next_dist_09bvr7k._.js:2431
[189622272ms] [LOG] [Fast Refresh] done in 2986ms @ http://localhost:3000/_next/static/chunks/01.s_next_dist_09bvr7k._.js:2431
[189622711ms] [LOG] [Fast Refresh] rebuilding @ http://localhost:3000/_next/static/chunks/01.s_next_dist_09bvr7k._.js:2431
[189625061ms] [LOG] [Fast Refresh] done in 2458ms @ http://localhost:3000/_next/static/chunks/01.s_next_dist_09bvr7k._.js:2431
[189625177ms] [LOG] [Fast Refresh] rebuilding @ http://localhost:3000/_next/static/chunks/01.s_next_dist_09bvr7k._.js:2431
[189625181ms] [LOG] [Fast Refresh] done in 107ms @ http://localhost:3000/_next/static/chunks/01.s_next_dist_09bvr7k._.js:2431
[189625771ms] [LOG] [Fast Refresh] rebuilding @ http://localhost:3000/_next/static/chunks/01.s_next_dist_09bvr7k._.js:2431
[189625778ms] [LOG] [Fast Refresh] done in 112ms @ http://localhost:3000/_next/static/chunks/01.s_next_dist_09bvr7k._.js:2431
[189626987ms] [LOG] [Fast Refresh] rebuilding @ http://localhost:3000/_next/static/chunks/01.s_next_dist_09bvr7k._.js:2431
[189629141ms] [LOG] [Fast Refresh] done in 2258ms @ http://localhost:3000/_next/static/chunks/01.s_next_dist_09bvr7k._.js:2431
[189629251ms] [LOG] [Fast Refresh] rebuilding @ http://localhost:3000/_next/static/chunks/01.s_next_dist_09bvr7k._.js:2431
[189629352ms] [LOG] [Fast Refresh] done in 201ms @ http://localhost:3000/_next/static/chunks/01.s_next_dist_09bvr7k._.js:2431
[189657213ms] [LOG] [Fast Refresh] rebuilding @ http://localhost:3000/_next/static/chunks/01.s_next_dist_09bvr7k._.js:2431
[189657398ms] [LOG] [Fast Refresh] done in 289ms @ http://localhost:3000/_next/static/chunks/01.s_next_dist_09bvr7k._.js:2431
[189752717ms] [LOG] [Fast Refresh] rebuilding @ http://localhost:3000/_next/static/chunks/01.s_next_dist_09bvr7k._.js:2431
[189754916ms] [LOG] [Fast Refresh] done in 2309ms @ http://localhost:3000/_next/static/chunks/01.s_next_dist_09bvr7k._.js:2431
[189755026ms] [LOG] [Fast Refresh] rebuilding @ http://localhost:3000/_next/static/chunks/01.s_next_dist_09bvr7k._.js:2431
[189755159ms] [LOG] [Fast Refresh] done in 235ms @ http://localhost:3000/_next/static/chunks/01.s_next_dist_09bvr7k._.js:2431
[189755262ms] [LOG] [Fast Refresh] rebuilding @ http://localhost:3000/_next/static/chunks/01.s_next_dist_09bvr7k._.js:2431
[189757610ms] [LOG] [Fast Refresh] done in 2446ms @ http://localhost:3000/_next/static/chunks/01.s_next_dist_09bvr7k._.js:2431
[190030155ms] [LOG] [Fast Refresh] rebuilding @ http://localhost:3000/_next/static/chunks/01.s_next_dist_09bvr7k._.js:2431
[190030282ms] [LOG] [Fast Refresh] done in 233ms @ http://localhost:3000/_next/static/chunks/01.s_next_dist_09bvr7k._.js:2431
[190045000ms] [LOG] [Fast Refresh] rebuilding @ http://localhost:3000/_next/static/chunks/01.s_next_dist_09bvr7k._.js:2431
[190045000ms] [LOG] [Fast Refresh] done in 104ms @ http://localhost:3000/_next/static/chunks/01.s_next_dist_09bvr7k._.js:2431
[190085734ms] [LOG] [Fast Refresh] rebuilding @ http://localhost:3000/_next/static/chunks/01.s_next_dist_09bvr7k._.js:2431
[190088465ms] [LOG] [Fast Refresh] done in 2839ms @ http://localhost:3000/_next/static/chunks/01.s_next_dist_09bvr7k._.js:2431
[190090331ms] [LOG] [Fast Refresh] rebuilding @ http://localhost:3000/_next/static/chunks/01.s_next_dist_09bvr7k._.js:2431
[190090434ms] [LOG] [Fast Refresh] done in 212ms @ http://localhost:3000/_next/static/chunks/01.s_next_dist_09bvr7k._.js:2431
[190090832ms] [LOG] [Fast Refresh] rebuilding @ http://localhost:3000/_next/static/chunks/01.s_next_dist_09bvr7k._.js:2431
[190090863ms] [LOG] [Fast Refresh] done in 131ms @ http://localhost:3000/_next/static/chunks/01.s_next_dist_09bvr7k._.js:2431
[190131092ms] [LOG] [Fast Refresh] rebuilding @ http://localhost:3000/_next/static/chunks/01.s_next_dist_09bvr7k._.js:2431
[190131196ms] [LOG] [Fast Refresh] done in 209ms @ http://localhost:3000/_next/static/chunks/01.s_next_dist_09bvr7k._.js:2431
[190162437ms] [LOG] [Fast Refresh] rebuilding @ http://localhost:3000/_next/static/chunks/01.s_next_dist_09bvr7k._.js:2431
[190164584ms] [LOG] [Fast Refresh] done in 2254ms @ http://localhost:3000/_next/static/chunks/01.s_next_dist_09bvr7k._.js:2431
[190164696ms] [LOG] [Fast Refresh] rebuilding @ http://localhost:3000/_next/static/chunks/01.s_next_dist_09bvr7k._.js:2431
[190164828ms] [LOG] [Fast Refresh] done in 236ms @ http://localhost:3000/_next/static/chunks/01.s_next_dist_09bvr7k._.js:2431
[190171427ms] [LOG] [Fast Refresh] rebuilding @ http://localhost:3000/_next/static/chunks/01.s_next_dist_09bvr7k._.js:2431
[190173551ms] [LOG] [Fast Refresh] done in 2231ms @ http://localhost:3000/_next/static/chunks/01.s_next_dist_09bvr7k._.js:2431
[190173679ms] [LOG] [Fast Refresh] rebuilding @ http://localhost:3000/_next/static/chunks/01.s_next_dist_09bvr7k._.js:2431
[190173747ms] [LOG] [Fast Refresh] done in 184ms @ http://localhost:3000/_next/static/chunks/01.s_next_dist_09bvr7k._.js:2431
[190259001ms] [LOG] [Fast Refresh] rebuilding @ http://localhost:3000/_next/static/chunks/01.s_next_dist_09bvr7k._.js:2431
[190259228ms] [LOG] [Fast Refresh] done in 328ms @ http://localhost:3000/_next/static/chunks/01.s_next_dist_09bvr7k._.js:2431
[190310323ms] [LOG] [Fast Refresh] rebuilding @ http://localhost:3000/_next/static/chunks/01.s_next_dist_09bvr7k._.js:2431
[190312503ms] [LOG] [Fast Refresh] done in 2287ms @ http://localhost:3000/_next/static/chunks/01.s_next_dist_09bvr7k._.js:2431
[190327260ms] [LOG] [Fast Refresh] rebuilding @ http://localhost:3000/_next/static/chunks/01.s_next_dist_09bvr7k._.js:2431
[190327462ms] [LOG] [Fast Refresh] done in 305ms @ http://localhost:3000/_next/static/chunks/01.s_next_dist_09bvr7k._.js:2431
[190408199ms] [LOG] [Fast Refresh] rebuilding @ http://localhost:3000/_next/static/chunks/01.s_next_dist_09bvr7k._.js:2431
[190410686ms] [LOG] [Fast Refresh] done in 2592ms @ http://localhost:3000/_next/static/chunks/01.s_next_dist_09bvr7k._.js:2431
[190411362ms] [LOG] [Fast Refresh] rebuilding @ http://localhost:3000/_next/static/chunks/01.s_next_dist_09bvr7k._.js:2431
[190411365ms] [LOG] [Fast Refresh] done in 108ms @ http://localhost:3000/_next/static/chunks/01.s_next_dist_09bvr7k._.js:2431
[190493445ms] [LOG] [Fast Refresh] rebuilding @ http://localhost:3000/_next/static/chunks/01.s_next_dist_09bvr7k._.js:2431
[190493632ms] [LOG] [Fast Refresh] done in 287ms @ http://localhost:3000/_next/static/chunks/01.s_next_dist_09bvr7k._.js:2431
[190538853ms] [LOG] [Fast Refresh] rebuilding @ http://localhost:3000/_next/static/chunks/01.s_next_dist_09bvr7k._.js:2431
[190541275ms] [LOG] [Fast Refresh] done in 2528ms @ http://localhost:3000/_next/static/chunks/01.s_next_dist_09bvr7k._.js:2431
[190676740ms] [LOG] [Fast Refresh] rebuilding @ http://localhost:3000/_next/static/chunks/01.s_next_dist_09bvr7k._.js:2431
[190677771ms] [LOG] [Fast Refresh] done in 1036ms @ http://localhost:3000/_next/static/chunks/01.s_next_dist_09bvr7k._.js:2431
[190678014ms] [LOG] [Fast Refresh] rebuilding @ http://localhost:3000/_next/static/chunks/01.s_next_dist_09bvr7k._.js:2431
[190678253ms] [LOG] [Fast Refresh] done in 347ms @ http://localhost:3000/_next/static/chunks/01.s_next_dist_09bvr7k._.js:2431
[190680530ms] [LOG] [Fast Refresh] rebuilding @ http://localhost:3000/_next/static/chunks/01.s_next_dist_09bvr7k._.js:2431
[190681432ms] [LOG] [Fast Refresh] done in 942ms @ http://localhost:3000/_next/static/chunks/01.s_next_dist_09bvr7k._.js:2431
[190694558ms] [LOG] [Fast Refresh] rebuilding @ http://localhost:3000/_next/static/chunks/01.s_next_dist_09bvr7k._.js:2431
[190695307ms] [LOG] [Fast Refresh] done in 847ms @ http://localhost:3000/_next/static/chunks/01.s_next_dist_09bvr7k._.js:2431
[190695430ms] [LOG] [Fast Refresh] rebuilding @ http://localhost:3000/_next/static/chunks/01.s_next_dist_09bvr7k._.js:2431
[190695640ms] [LOG] [Fast Refresh] done in 316ms @ http://localhost:3000/_next/static/chunks/01.s_next_dist_09bvr7k._.js:2431
[190697231ms] [LOG] [Fast Refresh] rebuilding @ http://localhost:3000/_next/static/chunks/01.s_next_dist_09bvr7k._.js:2431
[190698005ms] [LOG] [Fast Refresh] done in 871ms @ http://localhost:3000/_next/static/chunks/01.s_next_dist_09bvr7k._.js:2431
[190698118ms] [LOG] [Fast Refresh] rebuilding @ http://localhost:3000/_next/static/chunks/01.s_next_dist_09bvr7k._.js:2431
[190698279ms] [LOG] [Fast Refresh] done in 261ms @ http://localhost:3000/_next/static/chunks/01.s_next_dist_09bvr7k._.js:2431
[190771263ms] [ERROR] WebSocket connection to 'ws://localhost:3000/_next/webpack-hmr?id=Tzbq3_VaY3TA_B4c3vvv9' failed: Error in connection establishment: net::ERR_CONNECTION_REFUSED @ http://localhost:3000/_next/static/chunks/01.s_next_dist_client_0kff.~a._.js:13299
[190774604ms] [ERROR] WebSocket connection to 'ws://localhost:3000/_next/webpack-hmr?id=Tzbq3_VaY3TA_B4c3vvv9' failed: Error in connection establishment: net::ERR_CONNECTION_REFUSED @ http://localhost:3000/_next/static/chunks/01.s_next_dist_client_0kff.~a._.js:13299
[190779296ms] [LOG] [HMR] connected @ http://localhost:3000/_next/static/chunks/01.s_next_dist_09bvr7k._.js:2431
[190781803ms] [INFO] %cDownload the React DevTools for a better development experience: https://react.dev/link/react-devtools font-weight:bold @ http://localhost:3000/_next/static/chunks/01.s_next_dist_09bvr7k._.js:2431
[190781878ms] [LOG] [HMR] connected @ http://localhost:3000/_next/static/chunks/01.s_next_dist_09bvr7k._.js:2431
[190782047ms] [LOG] [Fast Refresh] rebuilding @ http://localhost:3000/_next/static/chunks/01.s_next_dist_09bvr7k._.js:2431
[190782250ms] [LOG] [Fast Refresh] done in 305ms @ http://localhost:3000/_next/static/chunks/01.s_next_dist_09bvr7k._.js:2431
[190784646ms] [LOG] [Fast Refresh] rebuilding @ http://localhost:3000/_next/static/chunks/01.s_next_dist_09bvr7k._.js:2431
[190784695ms] [LOG] [Fast Refresh] done in 154ms @ http://localhost:3000/_next/static/chunks/01.s_next_dist_09bvr7k._.js:2431
[190798573ms] [LOG] [Fast Refresh] rebuilding @ http://localhost:3000/_next/static/chunks/01.s_next_dist_09bvr7k._.js:2431
[190798739ms] [LOG] [Fast Refresh] done in 278ms @ http://localhost:3000/_next/static/chunks/01.s_next_dist_09bvr7k._.js:2431
[190822830ms] [LOG] [Fast Refresh] rebuilding @ http://localhost:3000/_next/static/chunks/01.s_next_dist_09bvr7k._.js:2431
[190822855ms] [LOG] [Fast Refresh] done in 130ms @ http://localhost:3000/_next/static/chunks/01.s_next_dist_09bvr7k._.js:2431
[190922547ms] [LOG] [Fast Refresh] rebuilding @ http://localhost:3000/_next/static/chunks/01.s_next_dist_09bvr7k._.js:2431
[190925272ms] [LOG] [Fast Refresh] done in 2825ms @ http://localhost:3000/_next/static/chunks/01.s_next_dist_09bvr7k._.js:2431
[190925391ms] [LOG] [Fast Refresh] rebuilding @ http://localhost:3000/_next/static/chunks/01.s_next_dist_09bvr7k._.js:2431
[190925632ms] [LOG] [Fast Refresh] done in 346ms @ http://localhost:3000/_next/static/chunks/01.s_next_dist_09bvr7k._.js:2431
[190941107ms] [LOG] [Fast Refresh] rebuilding @ http://localhost:3000/_next/static/chunks/01.s_next_dist_09bvr7k._.js:2431
[190943352ms] [LOG] [Fast Refresh] done in 2353ms @ http://localhost:3000/_next/static/chunks/01.s_next_dist_09bvr7k._.js:2431
[190943473ms] [LOG] [Fast Refresh] rebuilding @ http://localhost:3000/_next/static/chunks/01.s_next_dist_09bvr7k._.js:2431
[190943621ms] [LOG] [Fast Refresh] done in 257ms @ http://localhost:3000/_next/static/chunks/01.s_next_dist_09bvr7k._.js:2431
[190966192ms] [LOG] [Fast Refresh] rebuilding @ http://localhost:3000/_next/static/chunks/01.s_next_dist_09bvr7k._.js:2431
[190966412ms] [LOG] [Fast Refresh] done in 323ms @ http://localhost:3000/_next/static/chunks/01.s_next_dist_09bvr7k._.js:2431
[213956508ms] [LOG] [Fast Refresh] rebuilding @ http://localhost:3000/_next/static/chunks/01.s_next_dist_09bvr7k._.js:2431
[213957301ms] [LOG] [Fast Refresh] done in 911ms @ http://localhost:3000/_next/static/chunks/01.s_next_dist_09bvr7k._.js:2431
[213957403ms] [LOG] [Fast Refresh] rebuilding @ http://localhost:3000/_next/static/chunks/01.s_next_dist_09bvr7k._.js:2431
[213957762ms] [LOG] [Fast Refresh] done in 461ms @ http://localhost:3000/_next/static/chunks/01.s_next_dist_09bvr7k._.js:2431
[213970774ms] [LOG] [Fast Refresh] rebuilding @ http://localhost:3000/_next/static/chunks/01.s_next_dist_09bvr7k._.js:2431
[213971080ms] [LOG] [Fast Refresh] done in 419ms @ http://localhost:3000/_next/static/chunks/01.s_next_dist_09bvr7k._.js:2431
[213999619ms] [LOG] [Fast Refresh] rebuilding @ http://localhost:3000/_next/static/chunks/01.s_next_dist_09bvr7k._.js:2431
[213999925ms] [LOG] [Fast Refresh] done in 418ms @ http://localhost:3000/_next/static/chunks/01.s_next_dist_09bvr7k._.js:2431
[214000037ms] [LOG] [Fast Refresh] rebuilding @ http://localhost:3000/_next/static/chunks/01.s_next_dist_09bvr7k._.js:2431
[214000391ms] [LOG] [Fast Refresh] done in 462ms @ http://localhost:3000/_next/static/chunks/01.s_next_dist_09bvr7k._.js:2431
[214062210ms] [LOG] [Fast Refresh] rebuilding @ http://localhost:3000/_next/static/chunks/01.s_next_dist_09bvr7k._.js:2431
[214062533ms] [LOG] [Fast Refresh] done in 429ms @ http://localhost:3000/_next/static/chunks/01.s_next_dist_09bvr7k._.js:2431
[214062637ms] [LOG] [Fast Refresh] rebuilding @ http://localhost:3000/_next/static/chunks/01.s_next_dist_09bvr7k._.js:2431
[214063003ms] [LOG] [Fast Refresh] done in 470ms @ http://localhost:3000/_next/static/chunks/01.s_next_dist_09bvr7k._.js:2431
[254341897ms] [LOG] [Fast Refresh] rebuilding @ http://localhost:3000/_next/static/chunks/01.s_next_dist_09bvr7k._.js:2431
[254346647ms] [LOG] [Fast Refresh] done in 4838ms @ http://localhost:3000/_next/static/chunks/01.s_next_dist_09bvr7k._.js:2431
[254346976ms] [LOG] [Fast Refresh] rebuilding @ http://localhost:3000/_next/static/chunks/01.s_next_dist_09bvr7k._.js:2431
[254347964ms] [LOG] [Fast Refresh] done in 1093ms @ http://localhost:3000/_next/static/chunks/01.s_next_dist_09bvr7k._.js:2431
[254348091ms] [LOG] [Fast Refresh] rebuilding @ http://localhost:3000/_next/static/chunks/01.s_next_dist_09bvr7k._.js:2431
[254348147ms] [LOG] [Fast Refresh] done in 158ms @ http://localhost:3000/_next/static/chunks/01.s_next_dist_09bvr7k._.js:2431
[254356695ms] [LOG] [Fast Refresh] rebuilding @ http://localhost:3000/_next/static/chunks/01.s_next_dist_09bvr7k._.js:2431
[254360712ms] [LOG] [Fast Refresh] done in 4123ms @ http://localhost:3000/_next/static/chunks/01.s_next_dist_09bvr7k._.js:2431
[254360858ms] [LOG] [Fast Refresh] rebuilding @ http://localhost:3000/_next/static/chunks/01.s_next_dist_09bvr7k._.js:2431
[254361186ms] [LOG] [Fast Refresh] done in 430ms @ http://localhost:3000/_next/static/chunks/01.s_next_dist_09bvr7k._.js:2431
[254361492ms] [LOG] [Fast Refresh] rebuilding @ http://localhost:3000/_next/static/chunks/01.s_next_dist_09bvr7k._.js:2431
[254361505ms] [LOG] [Fast Refresh] done in 115ms @ http://localhost:3000/_next/static/chunks/01.s_next_dist_09bvr7k._.js:2431
[254361642ms] [LOG] [Fast Refresh] rebuilding @ http://localhost:3000/_next/static/chunks/01.s_next_dist_09bvr7k._.js:2431
[254361655ms] [LOG] [Fast Refresh] done in 117ms @ http://localhost:3000/_next/static/chunks/01.s_next_dist_09bvr7k._.js:2431
[254361787ms] [LOG] [Fast Refresh] rebuilding @ http://localhost:3000/_next/static/chunks/01.s_next_dist_09bvr7k._.js:2431
[254361798ms] [LOG] [Fast Refresh] done in 116ms @ http://localhost:3000/_next/static/chunks/01.s_next_dist_09bvr7k._.js:2431
[254376055ms] [LOG] [Fast Refresh] rebuilding @ http://localhost:3000/_next/static/chunks/01.s_next_dist_09bvr7k._.js:2431
[254380111ms] [LOG] [Fast Refresh] done in 4159ms @ http://localhost:3000/_next/static/chunks/01.s_next_dist_09bvr7k._.js:2431
[254380236ms] [LOG] [Fast Refresh] rebuilding @ http://localhost:3000/_next/static/chunks/01.s_next_dist_09bvr7k._.js:2431
[254380491ms] [LOG] [Fast Refresh] done in 365ms @ http://localhost:3000/_next/static/chunks/01.s_next_dist_09bvr7k._.js:2431
[254380614ms] [LOG] [Fast Refresh] rebuilding @ http://localhost:3000/_next/static/chunks/01.s_next_dist_09bvr7k._.js:2431
[254380652ms] [LOG] [Fast Refresh] done in 139ms @ http://localhost:3000/_next/static/chunks/01.s_next_dist_09bvr7k._.js:2431
[254383398ms] [LOG] [Fast Refresh] rebuilding @ http://localhost:3000/_next/static/chunks/01.s_next_dist_09bvr7k._.js:2431
[254387071ms] [LOG] [Fast Refresh] done in 3776ms @ http://localhost:3000/_next/static/chunks/01.s_next_dist_09bvr7k._.js:2431
[254387191ms] [LOG] [Fast Refresh] rebuilding @ http://localhost:3000/_next/static/chunks/01.s_next_dist_09bvr7k._.js:2431
[254387518ms] [LOG] [Fast Refresh] done in 433ms @ http://localhost:3000/_next/static/chunks/01.s_next_dist_09bvr7k._.js:2431
[254388075ms] [LOG] [Fast Refresh] rebuilding @ http://localhost:3000/_next/static/chunks/01.s_next_dist_09bvr7k._.js:2431
[254388078ms] [LOG] [Fast Refresh] done in 105ms @ http://localhost:3000/_next/static/chunks/01.s_next_dist_09bvr7k._.js:2431
[254576991ms] [LOG] [Fast Refresh] rebuilding @ http://localhost:3000/_next/static/chunks/01.s_next_dist_09bvr7k._.js:2431
[254581246ms] [LOG] [Fast Refresh] done in 4353ms @ http://localhost:3000/_next/static/chunks/01.s_next_dist_09bvr7k._.js:2431
[254583359ms] [LOG] [Fast Refresh] rebuilding @ http://localhost:3000/_next/static/chunks/01.s_next_dist_09bvr7k._.js:2431
[254583394ms] [LOG] [Fast Refresh] done in 138ms @ http://localhost:3000/_next/static/chunks/01.s_next_dist_09bvr7k._.js:2431
[288248762ms] [LOG] [Fast Refresh] rebuilding @ http://localhost:3000/_next/static/chunks/01.s_next_dist_09bvr7k._.js:2431
[288248771ms] [LOG] [Fast Refresh] done in 119ms @ http://localhost:3000/_next/static/chunks/01.s_next_dist_09bvr7k._.js:2431
[290766527ms] [LOG] [Fast Refresh] rebuilding @ http://localhost:3000/_next/static/chunks/01.s_next_dist_09bvr7k._.js:2431
[290767713ms] [LOG] [Fast Refresh] done in 1197ms @ http://localhost:3000/_next/static/chunks/01.s_next_dist_09bvr7k._.js:2431
[290768062ms] [LOG] [Fast Refresh] rebuilding @ http://localhost:3000/_next/static/chunks/01.s_next_dist_09bvr7k._.js:2431
[290768649ms] [LOG] [Fast Refresh] done in 692ms @ http://localhost:3000/_next/static/chunks/01.s_next_dist_09bvr7k._.js:2431
[290780429ms] [LOG] [Fast Refresh] rebuilding @ http://localhost:3000/_next/static/chunks/01.s_next_dist_09bvr7k._.js:2431
[290781245ms] [LOG] [Fast Refresh] done in 901ms @ http://localhost:3000/_next/static/chunks/01.s_next_dist_09bvr7k._.js:2431
[290787477ms] [LOG] [Fast Refresh] rebuilding @ http://localhost:3000/_next/static/chunks/01.s_next_dist_09bvr7k._.js:2431
[290788217ms] [LOG] [Fast Refresh] done in 834ms @ http://localhost:3000/_next/static/chunks/01.s_next_dist_09bvr7k._.js:2431
[290788338ms] [LOG] [Fast Refresh] rebuilding @ http://localhost:3000/_next/static/chunks/01.s_next_dist_09bvr7k._.js:2431
[290788552ms] [LOG] [Fast Refresh] done in 319ms @ http://localhost:3000/_next/static/chunks/01.s_next_dist_09bvr7k._.js:2431
[294885277ms] [ERROR] WebSocket connection to 'ws://localhost:3000/_next/webpack-hmr?id=5CEcgYOq8VT2wCj7WAbe_' failed: Error in connection establishment: net::ERR_CONNECTION_REFUSED @ http://localhost:3000/_next/static/chunks/01.s_next_dist_client_0kff.~a._.js:13299
[294892310ms] [LOG] [HMR] connected @ http://localhost:3000/_next/static/chunks/01.s_next_dist_09bvr7k._.js:2431
[294895317ms] [INFO] %cDownload the React DevTools for a better development experience: https://react.dev/link/react-devtools font-weight:bold @ http://localhost:3000/_next/static/chunks/01.s_next_dist_09bvr7k._.js:2431
[294895408ms] [LOG] [HMR] connected @ http://localhost:3000/_next/static/chunks/01.s_next_dist_09bvr7k._.js:2431
[294895546ms] [LOG] [Fast Refresh] rebuilding @ http://localhost:3000/_next/static/chunks/01.s_next_dist_09bvr7k._.js:2431
[294895868ms] [LOG] [Fast Refresh] done in 422ms @ http://localhost:3000/_next/static/chunks/01.s_next_dist_09bvr7k._.js:2431
[294898400ms] [LOG] [Fast Refresh] rebuilding @ http://localhost:3000/_next/static/chunks/01.s_next_dist_09bvr7k._.js:2431
[294898426ms] [LOG] [Fast Refresh] done in 130ms @ http://localhost:3000/_next/static/chunks/01.s_next_dist_09bvr7k._.js:2431
[294898548ms] [LOG] [Fast Refresh] rebuilding @ http://localhost:3000/_next/static/chunks/01.s_next_dist_09bvr7k._.js:2431
[294898586ms] [LOG] [Fast Refresh] done in 145ms @ http://localhost:3000/_next/static/chunks/01.s_next_dist_09bvr7k._.js:2431
[294900330ms] [LOG] [Fast Refresh] rebuilding @ http://localhost:3000/_next/static/chunks/01.s_next_dist_09bvr7k._.js:2431
[294900354ms] [LOG] [Fast Refresh] done in 124ms @ http://localhost:3000/_next/static/chunks/01.s_next_dist_09bvr7k._.js:2431
[294958057ms] [LOG] [Fast Refresh] rebuilding @ http://localhost:3000/_next/static/chunks/01.s_next_dist_09bvr7k._.js:2431
[294958095ms] [LOG] [Fast Refresh] done in 139ms @ http://localhost:3000/_next/static/chunks/01.s_next_dist_09bvr7k._.js:2431
[335088425ms] [LOG] [Fast Refresh] rebuilding @ http://localhost:3000/_next/static/chunks/01.s_next_dist_09bvr7k._.js:2431
[335092074ms] [LOG] [Fast Refresh] done in 3756ms @ http://localhost:3000/_next/static/chunks/01.s_next_dist_09bvr7k._.js:2431
[359784424ms] [LOG] [Fast Refresh] rebuilding @ http://localhost:3000/_next/static/chunks/01.s_next_dist_09bvr7k._.js:2431
[359788517ms] [LOG] [Fast Refresh] done in 1476ms @ http://localhost:3000/_next/static/chunks/01.s_next_dist_09bvr7k._.js:2431
[359788916ms] [LOG] [Fast Refresh] rebuilding @ http://localhost:3000/_next/static/chunks/01.s_next_dist_09bvr7k._.js:2431
[359789961ms] [LOG] [Fast Refresh] done in 1144ms @ http://localhost:3000/_next/static/chunks/01.s_next_dist_09bvr7k._.js:2431
[359790092ms] [LOG] [Fast Refresh] rebuilding @ http://localhost:3000/_next/static/chunks/01.s_next_dist_09bvr7k._.js:2431
[359790486ms] [LOG] [Fast Refresh] done in 496ms @ http://localhost:3000/_next/static/chunks/01.s_next_dist_09bvr7k._.js:2431
[359794209ms] [LOG] [Fast Refresh] rebuilding @ http://localhost:3000/_next/static/chunks/01.s_next_dist_09bvr7k._.js:2431
[359794998ms] [LOG] [Fast Refresh] done in 899ms @ http://localhost:3000/_next/static/chunks/01.s_next_dist_09bvr7k._.js:2431
[359795115ms] [LOG] [Fast Refresh] rebuilding @ http://localhost:3000/_next/static/chunks/01.s_next_dist_09bvr7k._.js:2431
[359795385ms] [LOG] [Fast Refresh] done in 372ms @ http://localhost:3000/_next/static/chunks/01.s_next_dist_09bvr7k._.js:2431
[359795489ms] [LOG] [Fast Refresh] rebuilding @ http://localhost:3000/_next/static/chunks/01.s_next_dist_09bvr7k._.js:2431
[359795549ms] [LOG] [Fast Refresh] done in 162ms @ http://localhost:3000/_next/static/chunks/01.s_next_dist_09bvr7k._.js:2431
[359798440ms] [LOG] [Fast Refresh] rebuilding @ http://localhost:3000/_next/static/chunks/01.s_next_dist_09bvr7k._.js:2431
[359799392ms] [LOG] [Fast Refresh] done in 1052ms @ http://localhost:3000/_next/static/chunks/01.s_next_dist_09bvr7k._.js:2431
[359799527ms] [LOG] [Fast Refresh] rebuilding @ http://localhost:3000/_next/static/chunks/01.s_next_dist_09bvr7k._.js:2431
[359799897ms] [LOG] [Fast Refresh] done in 481ms @ http://localhost:3000/_next/static/chunks/01.s_next_dist_09bvr7k._.js:2431
[359807071ms] [LOG] [Fast Refresh] rebuilding @ http://localhost:3000/_next/static/chunks/01.s_next_dist_09bvr7k._.js:2431
[359808101ms] [LOG] [Fast Refresh] done in 1132ms @ http://localhost:3000/_next/static/chunks/01.s_next_dist_09bvr7k._.js:2431
[359808241ms] [LOG] [Fast Refresh] rebuilding @ http://localhost:3000/_next/static/chunks/01.s_next_dist_09bvr7k._.js:2431
[359808592ms] [LOG] [Fast Refresh] done in 459ms @ http://localhost:3000/_next/static/chunks/01.s_next_dist_09bvr7k._.js:2431
[359956512ms] [LOG] [Fast Refresh] rebuilding @ http://localhost:3000/_next/static/chunks/01.s_next_dist_09bvr7k._.js:2431
[359956720ms] [LOG] [Fast Refresh] done in 322ms @ http://localhost:3000/_next/static/chunks/01.s_next_dist_09bvr7k._.js:2431
[379811861ms] [LOG] [Fast Refresh] rebuilding @ http://localhost:3000/_next/static/chunks/01.s_next_dist_09bvr7k._.js:2431
[379811929ms] [LOG] [Fast Refresh] done in 174ms @ http://localhost:3000/_next/static/chunks/01.s_next_dist_09bvr7k._.js:2431
[379841063ms] [LOG] [Fast Refresh] rebuilding @ http://localhost:3000/_next/static/chunks/01.s_next_dist_09bvr7k._.js:2431
[379843239ms] [LOG] [Fast Refresh] done in 1960ms @ http://localhost:3000/_next/static/chunks/01.s_next_dist_09bvr7k._.js:2431
[379843547ms] [LOG] [Fast Refresh] rebuilding @ http://localhost:3000/_next/static/chunks/01.s_next_dist_09bvr7k._.js:2431
[379844449ms] [LOG] [Fast Refresh] done in 1013ms @ http://localhost:3000/_next/static/chunks/01.s_next_dist_09bvr7k._.js:2431
[379854075ms] [LOG] [Fast Refresh] rebuilding @ http://localhost:3000/_next/static/chunks/01.s_next_dist_09bvr7k._.js:2431
[379855216ms] [LOG] [Fast Refresh] done in 1218ms @ http://localhost:3000/_next/static/chunks/01.s_next_dist_09bvr7k._.js:2431
[379855330ms] [LOG] [Fast Refresh] rebuilding @ http://localhost:3000/_next/static/chunks/01.s_next_dist_09bvr7k._.js:2431
[379855685ms] [LOG] [Fast Refresh] done in 456ms @ http://localhost:3000/_next/static/chunks/01.s_next_dist_09bvr7k._.js:2431
[379872065ms] [LOG] [Fast Refresh] rebuilding @ http://localhost:3000/_next/static/chunks/01.s_next_dist_09bvr7k._.js:2431
[379873522ms] [LOG] [Fast Refresh] done in 1542ms @ http://localhost:3000/_next/static/chunks/01.s_next_dist_09bvr7k._.js:2431
[379873650ms] [LOG] [Fast Refresh] rebuilding @ http://localhost:3000/_next/static/chunks/01.s_next_dist_09bvr7k._.js:2431
[379874074ms] [LOG] [Fast Refresh] done in 525ms @ http://localhost:3000/_next/static/chunks/01.s_next_dist_09bvr7k._.js:2431
[379877433ms] [LOG] [Fast Refresh] rebuilding @ http://localhost:3000/_next/static/chunks/01.s_next_dist_09bvr7k._.js:2431
[379878698ms] [LOG] [Fast Refresh] done in 1344ms @ http://localhost:3000/_next/static/chunks/01.s_next_dist_09bvr7k._.js:2431
[379878816ms] [LOG] [Fast Refresh] rebuilding @ http://localhost:3000/_next/static/chunks/01.s_next_dist_09bvr7k._.js:2431
[379879081ms] [LOG] [Fast Refresh] done in 366ms @ http://localhost:3000/_next/static/chunks/01.s_next_dist_09bvr7k._.js:2431
[380840440ms] [ERROR] WebSocket connection to 'ws://localhost:3000/_next/webpack-hmr?id=GSbZWaLOys_kemb-pLtwJ' failed: Error in connection establishment: net::ERR_CONNECTION_REFUSED @ http://localhost:3000/_next/static/chunks/01.s_next_dist_client_0kff.~a._.js:13299
[380843789ms] [ERROR] WebSocket connection to 'ws://localhost:3000/_next/webpack-hmr?id=GSbZWaLOys_kemb-pLtwJ' failed: Error in connection establishment: net::ERR_CONNECTION_REFUSED @ http://localhost:3000/_next/static/chunks/01.s_next_dist_client_0kff.~a._.js:13299
[380847143ms] [ERROR] WebSocket connection to 'ws://localhost:3000/_next/webpack-hmr?id=GSbZWaLOys_kemb-pLtwJ' failed: Error in connection establishment: net::ERR_CONNECTION_REFUSED @ http://localhost:3000/_next/static/chunks/01.s_next_dist_client_0kff.~a._.js:13299
[380850503ms] [ERROR] WebSocket connection to 'ws://localhost:3000/_next/webpack-hmr?id=GSbZWaLOys_kemb-pLtwJ' failed: Error in connection establishment: net::ERR_CONNECTION_REFUSED @ http://localhost:3000/_next/static/chunks/01.s_next_dist_client_0kff.~a._.js:13299
[380856289ms] [LOG] [HMR] connected @ http://localhost:3000/_next/static/chunks/01.s_next_dist_09bvr7k._.js:2431
[380858914ms] [INFO] %cDownload the React DevTools for a better development experience: https://react.dev/link/react-devtools font-weight:bold @ http://localhost:3000/_next/static/chunks/01.s_next_dist_09bvr7k._.js:2431
[380858958ms] [LOG] [HMR] connected @ http://localhost:3000/_next/static/chunks/01.s_next_dist_09bvr7k._.js:2431
[380859164ms] [LOG] [Fast Refresh] rebuilding @ http://localhost:3000/_next/static/chunks/01.s_next_dist_09bvr7k._.js:2431
[380859358ms] [LOG] [Fast Refresh] done in 299ms @ http://localhost:3000/_next/static/chunks/01.s_next_dist_09bvr7k._.js:2431
[380861764ms] [LOG] [Fast Refresh] rebuilding @ http://localhost:3000/_next/static/chunks/01.s_next_dist_09bvr7k._.js:2431
[380861795ms] [LOG] [Fast Refresh] done in 136ms @ http://localhost:3000/_next/static/chunks/01.s_next_dist_09bvr7k._.js:2431
[380863396ms] [LOG] [Fast Refresh] rebuilding @ http://localhost:3000/_next/static/chunks/01.s_next_dist_09bvr7k._.js:2431
[380863410ms] [LOG] [Fast Refresh] done in 117ms @ http://localhost:3000/_next/static/chunks/01.s_next_dist_09bvr7k._.js:2431
[380899458ms] [LOG] [Fast Refresh] rebuilding @ http://localhost:3000/_next/static/chunks/01.s_next_dist_09bvr7k._.js:2431
[380899495ms] [LOG] [Fast Refresh] done in 144ms @ http://localhost:3000/_next/static/chunks/01.s_next_dist_09bvr7k._.js:2431
[384732234ms] [LOG] [Fast Refresh] rebuilding @ http://localhost:3000/_next/static/chunks/01.s_next_dist_09bvr7k._.js:2431
[384732246ms] [LOG] [Fast Refresh] done in 123ms @ http://localhost:3000/_next/static/chunks/01.s_next_dist_09bvr7k._.js:2431
[384810961ms] [LOG] [Fast Refresh] rebuilding @ http://localhost:3000/_next/static/chunks/01.s_next_dist_09bvr7k._.js:2431
[384814156ms] [LOG] [Fast Refresh] done in 3298ms @ http://localhost:3000/_next/static/chunks/01.s_next_dist_09bvr7k._.js:2431
[384814285ms] [LOG] [Fast Refresh] rebuilding @ http://localhost:3000/_next/static/chunks/01.s_next_dist_09bvr7k._.js:2431
[384814463ms] [LOG] [Fast Refresh] done in 292ms @ http://localhost:3000/_next/static/chunks/01.s_next_dist_09bvr7k._.js:2431
[384814565ms] [LOG] [Fast Refresh] rebuilding @ http://localhost:3000/_next/static/chunks/01.s_next_dist_09bvr7k._.js:2431
[384814608ms] [LOG] [Fast Refresh] done in 143ms @ http://localhost:3000/_next/static/chunks/01.s_next_dist_09bvr7k._.js:2431
[429812693ms] [ERROR] WebSocket connection to 'ws://localhost:3000/_next/webpack-hmr?id=3bZVCXkNAJW7O3cIXFIQh' failed: Error in connection establishment: net::ERR_CONNECTION_REFUSED @ http://localhost:3000/_next/static/chunks/01.s_next_dist_client_0kff.~a._.js:13299
[429816044ms] [ERROR] WebSocket connection to 'ws://localhost:3000/_next/webpack-hmr?id=3bZVCXkNAJW7O3cIXFIQh' failed: Error in connection establishment: net::ERR_CONNECTION_REFUSED @ http://localhost:3000/_next/static/chunks/01.s_next_dist_client_0kff.~a._.js:13299
[429819421ms] [ERROR] WebSocket connection to 'ws://localhost:3000/_next/webpack-hmr?id=3bZVCXkNAJW7O3cIXFIQh' failed: Error in connection establishment: net::ERR_CONNECTION_REFUSED @ http://localhost:3000/_next/static/chunks/01.s_next_dist_client_0kff.~a._.js:13299
[429822784ms] [ERROR] WebSocket connection to 'ws://localhost:3000/_next/webpack-hmr?id=3bZVCXkNAJW7O3cIXFIQh' failed: Error in connection establishment: net::ERR_CONNECTION_REFUSED @ http://localhost:3000/_next/static/chunks/01.s_next_dist_client_0kff.~a._.js:13299
[429826147ms] [ERROR] WebSocket connection to 'ws://localhost:3000/_next/webpack-hmr?id=3bZVCXkNAJW7O3cIXFIQh' failed: Error in connection establishment: net::ERR_CONNECTION_REFUSED @ http://localhost:3000/_next/static/chunks/01.s_next_dist_client_0kff.~a._.js:13299
[429833904ms] [LOG] [HMR] connected @ http://localhost:3000/_next/static/chunks/01.s_next_dist_09bvr7k._.js:2431
[429837888ms] [INFO] %cDownload the React DevTools for a better development experience: https://react.dev/link/react-devtools font-weight:bold @ http://localhost:3000/_next/static/chunks/01.s_next_dist_09bvr7k._.js:2431
[429837953ms] [LOG] [HMR] connected @ http://localhost:3000/_next/static/chunks/01.s_next_dist_09bvr7k._.js:2431
[429838101ms] [LOG] [Fast Refresh] rebuilding @ http://localhost:3000/_next/static/chunks/01.s_next_dist_09bvr7k._.js:2431
[429838497ms] [LOG] [Fast Refresh] done in 502ms @ http://localhost:3000/_next/static/chunks/01.s_next_dist_09bvr7k._.js:2431
[429841070ms] [LOG] [Fast Refresh] rebuilding @ http://localhost:3000/_next/static/chunks/01.s_next_dist_09bvr7k._.js:2431
[429841129ms] [LOG] [Fast Refresh] done in 168ms @ http://localhost:3000/_next/static/chunks/01.s_next_dist_09bvr7k._.js:2431
[429841240ms] [LOG] [Fast Refresh] rebuilding @ http://localhost:3000/_next/static/chunks/01.s_next_dist_09bvr7k._.js:2431
[429841342ms] [LOG] [Fast Refresh] done in 203ms @ http://localhost:3000/_next/static/chunks/01.s_next_dist_09bvr7k._.js:2431
[429842991ms] [LOG] [Fast Refresh] rebuilding @ http://localhost:3000/_next/static/chunks/01.s_next_dist_09bvr7k._.js:2431
[429843015ms] [LOG] [Fast Refresh] done in 125ms @ http://localhost:3000/_next/static/chunks/01.s_next_dist_09bvr7k._.js:2431
[431383561ms] [LOG] [Fast Refresh] rebuilding @ http://localhost:3000/_next/static/chunks/01.s_next_dist_09bvr7k._.js:2431
[431383723ms] [LOG] [Fast Refresh] done in 271ms @ http://localhost:3000/_next/static/chunks/01.s_next_dist_09bvr7k._.js:2431
[431899578ms] [LOG] [Fast Refresh] rebuilding @ http://localhost:3000/_next/static/chunks/01.s_next_dist_09bvr7k._.js:2431
[431900025ms] [LOG] [Fast Refresh] done in 567ms @ http://localhost:3000/_next/static/chunks/01.s_next_dist_09bvr7k._.js:2431
[432358397ms] [LOG] [Fast Refresh] rebuilding @ http://localhost:3000/_next/static/chunks/01.s_next_dist_09bvr7k._.js:2431
[432360471ms] [LOG] [Fast Refresh] done in 2180ms @ http://localhost:3000/_next/static/chunks/01.s_next_dist_09bvr7k._.js:2431
[432369668ms] [LOG] [Fast Refresh] rebuilding @ http://localhost:3000/_next/static/chunks/01.s_next_dist_09bvr7k._.js:2431
[432369893ms] [LOG] [Fast Refresh] done in 333ms @ http://localhost:3000/_next/static/chunks/01.s_next_dist_09bvr7k._.js:2431
[432538247ms] [LOG] [Fast Refresh] rebuilding @ http://localhost:3000/_next/static/chunks/01.s_next_dist_09bvr7k._.js:2431
[432540452ms] [LOG] [Fast Refresh] done in 2284ms @ http://localhost:3000/_next/static/chunks/01.s_next_dist_09bvr7k._.js:2431
[432540598ms] [LOG] [Fast Refresh] rebuilding @ http://localhost:3000/_next/static/chunks/01.s_next_dist_09bvr7k._.js:2431
[432541286ms] [LOG] [Fast Refresh] done in 792ms @ http://localhost:3000/_next/static/chunks/01.s_next_dist_09bvr7k._.js:2431
[432544611ms] [LOG] [Fast Refresh] rebuilding @ http://localhost:3000/_next/static/chunks/01.s_next_dist_09bvr7k._.js:2431
[432546210ms] [LOG] [Fast Refresh] done in 1679ms @ http://localhost:3000/_next/static/chunks/01.s_next_dist_09bvr7k._.js:2431
[432546333ms] [LOG] [Fast Refresh] rebuilding @ http://localhost:3000/_next/static/chunks/01.s_next_dist_09bvr7k._.js:2431
[432546931ms] [LOG] [Fast Refresh] done in 698ms @ http://localhost:3000/_next/static/chunks/01.s_next_dist_09bvr7k._.js:2431
[432597634ms] [LOG] [Fast Refresh] rebuilding @ http://localhost:3000/_next/static/chunks/01.s_next_dist_09bvr7k._.js:2431
[432600224ms] [LOG] [Fast Refresh] done in 2668ms @ http://localhost:3000/_next/static/chunks/01.s_next_dist_09bvr7k._.js:2431
[432600364ms] [LOG] [Fast Refresh] rebuilding @ http://localhost:3000/_next/static/chunks/01.s_next_dist_09bvr7k._.js:2431
[432600935ms] [LOG] [Fast Refresh] done in 679ms @ http://localhost:3000/_next/static/chunks/01.s_next_dist_09bvr7k._.js:2431
[432603285ms] [LOG] [Fast Refresh] rebuilding @ http://localhost:3000/_next/static/chunks/01.s_next_dist_09bvr7k._.js:2431
[432605528ms] [LOG] [Fast Refresh] done in 2329ms @ http://localhost:3000/_next/static/chunks/01.s_next_dist_09bvr7k._.js:2431
[432605659ms] [LOG] [Fast Refresh] rebuilding @ http://localhost:3000/_next/static/chunks/01.s_next_dist_09bvr7k._.js:2431
[432606151ms] [LOG] [Fast Refresh] done in 596ms @ http://localhost:3000/_next/static/chunks/01.s_next_dist_09bvr7k._.js:2431
[433397734ms] [ERROR] WebSocket connection to 'ws://localhost:3000/_next/webpack-hmr?id=Kjhgzul7PHtV8fOCZtbpg' failed: Error in connection establishment: net::ERR_CONNECTION_REFUSED @ http://localhost:3000/_next/static/chunks/01.s_next_dist_client_0kff.~a._.js:13299
[433401229ms] [ERROR] WebSocket connection to 'ws://localhost:3000/_next/webpack-hmr?id=Kjhgzul7PHtV8fOCZtbpg' failed: Error in connection establishment: net::ERR_CONNECTION_REFUSED @ http://localhost:3000/_next/static/chunks/01.s_next_dist_client_0kff.~a._.js:13299
[433404733ms] [ERROR] WebSocket connection to 'ws://localhost:3000/_next/webpack-hmr?id=Kjhgzul7PHtV8fOCZtbpg' failed: Error in connection establishment: net::ERR_CONNECTION_REFUSED @ http://localhost:3000/_next/static/chunks/01.s_next_dist_client_0kff.~a._.js:13299
[433408432ms] [ERROR] WebSocket connection to 'ws://localhost:3000/_next/webpack-hmr?id=Kjhgzul7PHtV8fOCZtbpg' failed: Error in connection establishment: net::ERR_CONNECTION_REFUSED @ http://localhost:3000/_next/static/chunks/01.s_next_dist_client_0kff.~a._.js:13299
[433411834ms] [ERROR] WebSocket connection to 'ws://localhost:3000/_next/webpack-hmr?id=Kjhgzul7PHtV8fOCZtbpg' failed: Error in connection establishment: net::ERR_CONNECTION_REFUSED @ http://localhost:3000/_next/static/chunks/01.s_next_dist_client_0kff.~a._.js:13299
[433419291ms] [ERROR] WebSocket connection to 'ws://localhost:3000/_next/webpack-hmr?id=Kjhgzul7PHtV8fOCZtbpg' failed: Error in connection establishment: net::ERR_CONNECTION_REFUSED @ http://localhost:3000/_next/static/chunks/01.s_next_dist_client_0kff.~a._.js:13299
[433426678ms] [ERROR] WebSocket connection to 'ws://localhost:3000/_next/webpack-hmr?id=Kjhgzul7PHtV8fOCZtbpg' failed: Error in connection establishment: net::ERR_CONNECTION_REFUSED @ http://localhost:3000/_next/static/chunks/01.s_next_dist_client_0kff.~a._.js:13299
[433434114ms] [ERROR] WebSocket connection to 'ws://localhost:3000/_next/webpack-hmr?id=Kjhgzul7PHtV8fOCZtbpg' failed: Error in connection establishment: net::ERR_CONNECTION_REFUSED @ http://localhost:3000/_next/static/chunks/01.s_next_dist_client_0kff.~a._.js:13299
[433442041ms] [ERROR] WebSocket connection to 'ws://localhost:3000/_next/webpack-hmr?id=Kjhgzul7PHtV8fOCZtbpg' failed: Error in connection establishment: net::ERR_CONNECTION_REFUSED @ http://localhost:3000/_next/static/chunks/01.s_next_dist_client_0kff.~a._.js:13299
[433449554ms] [ERROR] WebSocket connection to 'ws://localhost:3000/_next/webpack-hmr?id=Kjhgzul7PHtV8fOCZtbpg' failed: Error in connection establishment: net::ERR_CONNECTION_REFUSED @ http://localhost:3000/_next/static/chunks/01.s_next_dist_client_0kff.~a._.js:13299
[433456987ms] [ERROR] WebSocket connection to 'ws://localhost:3000/_next/webpack-hmr?id=Kjhgzul7PHtV8fOCZtbpg' failed: Error in connection establishment: net::ERR_CONNECTION_REFUSED @ http://localhost:3000/_next/static/chunks/01.s_next_dist_client_0kff.~a._.js:13299
[433464636ms] [ERROR] WebSocket connection to 'ws://localhost:3000/_next/webpack-hmr?id=Kjhgzul7PHtV8fOCZtbpg' failed: Error in connection establishment: net::ERR_CONNECTION_REFUSED @ http://localhost:3000/_next/static/chunks/01.s_next_dist_client_0kff.~a._.js:13299
[439888685ms] [INFO] %cDownload the React DevTools for a better development experience: https://react.dev/link/react-devtools font-weight:bold @ http://localhost:3000/_next/static/chunks/01.s_next_dist_09bvr7k._.js:2431
[439888932ms] [LOG] [HMR] connected @ http://localhost:3000/_next/static/chunks/01.s_next_dist_09bvr7k._.js:2431
[439889272ms] [LOG] [Fast Refresh] rebuilding @ http://localhost:3000/_next/static/chunks/01.s_next_dist_09bvr7k._.js:2431
[439889280ms] [LOG] [Fast Refresh] done in 116ms @ http://localhost:3000/_next/static/chunks/01.s_next_dist_09bvr7k._.js:2431
[439889382ms] [LOG] [Fast Refresh] rebuilding @ http://localhost:3000/_next/static/chunks/01.s_next_dist_09bvr7k._.js:2431
[439889399ms] [LOG] [Fast Refresh] done in 118ms @ http://localhost:3000/_next/static/chunks/01.s_next_dist_09bvr7k._.js:2431
[439891610ms] [LOG] [Fast Refresh] rebuilding @ http://localhost:3000/_next/static/chunks/01.s_next_dist_09bvr7k._.js:2431
[439891612ms] [LOG] [Fast Refresh] done in 115ms @ http://localhost:3000/_next/static/chunks/01.s_next_dist_09bvr7k._.js:2431
[439893394ms] [LOG] [Fast Refresh] rebuilding @ http://localhost:3000/_next/static/chunks/01.s_next_dist_09bvr7k._.js:2431
[439893409ms] [LOG] [Fast Refresh] done in 175ms @ http://localhost:3000/_next/static/chunks/01.s_next_dist_09bvr7k._.js:2431
[440085077ms] [LOG] [Fast Refresh] rebuilding @ http://localhost:3000/_next/static/chunks/01.s_next_dist_09bvr7k._.js:2431
[440088578ms] [LOG] [Fast Refresh] done in 3607ms @ http://localhost:3000/_next/static/chunks/01.s_next_dist_09bvr7k._.js:2431
[440088921ms] [LOG] [Fast Refresh] rebuilding @ http://localhost:3000/_next/static/chunks/01.s_next_dist_09bvr7k._.js:2431
[440089123ms] [LOG] [Fast Refresh] done in 306ms @ http://localhost:3000/_next/static/chunks/01.s_next_dist_09bvr7k._.js:2431
[440089255ms] [LOG] [Fast Refresh] rebuilding @ http://localhost:3000/_next/static/chunks/01.s_next_dist_09bvr7k._.js:2431
[440089285ms] [LOG] [Fast Refresh] done in 136ms @ http://localhost:3000/_next/static/chunks/01.s_next_dist_09bvr7k._.js:2431
[440098026ms] [LOG] [Fast Refresh] rebuilding @ http://localhost:3000/_next/static/chunks/01.s_next_dist_09bvr7k._.js:2431
[440102000ms] [LOG] [Fast Refresh] done in 4080ms @ http://localhost:3000/_next/static/chunks/01.s_next_dist_09bvr7k._.js:2431
[440102122ms] [LOG] [Fast Refresh] rebuilding @ http://localhost:3000/_next/static/chunks/01.s_next_dist_09bvr7k._.js:2431
[440102186ms] [LOG] [Fast Refresh] done in 176ms @ http://localhost:3000/_next/static/chunks/01.s_next_dist_09bvr7k._.js:2431
[440102297ms] [LOG] [Fast Refresh] rebuilding @ http://localhost:3000/_next/static/chunks/01.s_next_dist_09bvr7k._.js:2431
[440102426ms] [LOG] [Fast Refresh] done in 230ms @ http://localhost:3000/_next/static/chunks/01.s_next_dist_09bvr7k._.js:2431
[440102586ms] [LOG] [Fast Refresh] rebuilding @ http://localhost:3000/_next/static/chunks/01.s_next_dist_09bvr7k._.js:2431
[440102653ms] [LOG] [Fast Refresh] done in 176ms @ http://localhost:3000/_next/static/chunks/01.s_next_dist_09bvr7k._.js:2431
[440103020ms] [LOG] [Fast Refresh] rebuilding @ http://localhost:3000/_next/static/chunks/01.s_next_dist_09bvr7k._.js:2431
[440103024ms] [LOG] [Fast Refresh] done in 106ms @ http://localhost:3000/_next/static/chunks/01.s_next_dist_09bvr7k._.js:2431
[440108694ms] [LOG] [Fast Refresh] rebuilding @ http://localhost:3000/_next/static/chunks/01.s_next_dist_09bvr7k._.js:2431
[440111755ms] [LOG] [Fast Refresh] done in 3167ms @ http://localhost:3000/_next/static/chunks/01.s_next_dist_09bvr7k._.js:2431
[440112106ms] [LOG] [Fast Refresh] rebuilding @ http://localhost:3000/_next/static/chunks/01.s_next_dist_09bvr7k._.js:2431
[440112297ms] [LOG] [Fast Refresh] done in 294ms @ http://localhost:3000/_next/static/chunks/01.s_next_dist_09bvr7k._.js:2431
[440112415ms] [LOG] [Fast Refresh] rebuilding @ http://localhost:3000/_next/static/chunks/01.s_next_dist_09bvr7k._.js:2431
[440112444ms] [LOG] [Fast Refresh] done in 134ms @ http://localhost:3000/_next/static/chunks/01.s_next_dist_09bvr7k._.js:2431
[440124959ms] [LOG] [Fast Refresh] rebuilding @ http://localhost:3000/_next/static/chunks/01.s_next_dist_09bvr7k._.js:2431
[440127808ms] [LOG] [Fast Refresh] done in 2948ms @ http://localhost:3000/_next/static/chunks/01.s_next_dist_09bvr7k._.js:2431
[440127921ms] [LOG] [Fast Refresh] rebuilding @ http://localhost:3000/_next/static/chunks/01.s_next_dist_09bvr7k._.js:2431
[440127965ms] [LOG] [Fast Refresh] done in 150ms @ http://localhost:3000/_next/static/chunks/01.s_next_dist_09bvr7k._.js:2431
[440128324ms] [LOG] [Fast Refresh] rebuilding @ http://localhost:3000/_next/static/chunks/01.s_next_dist_09bvr7k._.js:2431
[440128395ms] [LOG] [Fast Refresh] done in 172ms @ http://localhost:3000/_next/static/chunks/01.s_next_dist_09bvr7k._.js:2431
[440136012ms] [LOG] [Fast Refresh] rebuilding @ http://localhost:3000/_next/static/chunks/01.s_next_dist_09bvr7k._.js:2431
[440140560ms] [LOG] [Fast Refresh] done in 4650ms @ http://localhost:3000/_next/static/chunks/01.s_next_dist_09bvr7k._.js:2431
[440140685ms] [LOG] [Fast Refresh] rebuilding @ http://localhost:3000/_next/static/chunks/01.s_next_dist_09bvr7k._.js:2431
[440140808ms] [LOG] [Fast Refresh] done in 233ms @ http://localhost:3000/_next/static/chunks/01.s_next_dist_09bvr7k._.js:2431
[440141263ms] [LOG] [Fast Refresh] rebuilding @ http://localhost:3000/_next/static/chunks/01.s_next_dist_09bvr7k._.js:2431
[440141336ms] [LOG] [Fast Refresh] done in 179ms @ http://localhost:3000/_next/static/chunks/01.s_next_dist_09bvr7k._.js:2431
[440145572ms] [LOG] [Fast Refresh] rebuilding @ http://localhost:3000/_next/static/chunks/01.s_next_dist_09bvr7k._.js:2431
[440149744ms] [LOG] [Fast Refresh] done in 4275ms @ http://localhost:3000/_next/static/chunks/01.s_next_dist_09bvr7k._.js:2431
[440149864ms] [LOG] [Fast Refresh] rebuilding @ http://localhost:3000/_next/static/chunks/01.s_next_dist_09bvr7k._.js:2431
[440149937ms] [LOG] [Fast Refresh] done in 179ms @ http://localhost:3000/_next/static/chunks/01.s_next_dist_09bvr7k._.js:2431
[440150050ms] [LOG] [Fast Refresh] rebuilding @ http://localhost:3000/_next/static/chunks/01.s_next_dist_09bvr7k._.js:2431
[440150170ms] [LOG] [Fast Refresh] done in 227ms @ http://localhost:3000/_next/static/chunks/01.s_next_dist_09bvr7k._.js:2431
[440150438ms] [LOG] [Fast Refresh] rebuilding @ http://localhost:3000/_next/static/chunks/01.s_next_dist_09bvr7k._.js:2431
[440150545ms] [LOG] [Fast Refresh] done in 209ms @ http://localhost:3000/_next/static/chunks/01.s_next_dist_09bvr7k._.js:2431
[440151162ms] [LOG] [Fast Refresh] rebuilding @ http://localhost:3000/_next/static/chunks/01.s_next_dist_09bvr7k._.js:2431
[440151176ms] [LOG] [Fast Refresh] done in 117ms @ http://localhost:3000/_next/static/chunks/01.s_next_dist_09bvr7k._.js:2431
[440154957ms] [LOG] [Fast Refresh] rebuilding @ http://localhost:3000/_next/static/chunks/01.s_next_dist_09bvr7k._.js:2431
[440154958ms] [LOG] [Fast Refresh] done in 104ms @ http://localhost:3000/_next/static/chunks/01.s_next_dist_09bvr7k._.js:2431
[440176204ms] [LOG] [Fast Refresh] rebuilding @ http://localhost:3000/_next/static/chunks/01.s_next_dist_09bvr7k._.js:2431
[440180202ms] [LOG] [Fast Refresh] done in 4101ms @ http://localhost:3000/_next/static/chunks/01.s_next_dist_09bvr7k._.js:2431
[440180501ms] [LOG] [Fast Refresh] rebuilding @ http://localhost:3000/_next/static/chunks/01.s_next_dist_09bvr7k._.js:2431
[440180672ms] [LOG] [Fast Refresh] done in 274ms @ http://localhost:3000/_next/static/chunks/01.s_next_dist_09bvr7k._.js:2431
[440180847ms] [LOG] [Fast Refresh] rebuilding @ http://localhost:3000/_next/static/chunks/01.s_next_dist_09bvr7k._.js:2431
[440180865ms] [LOG] [Fast Refresh] done in 119ms @ http://localhost:3000/_next/static/chunks/01.s_next_dist_09bvr7k._.js:2431
[440180971ms] [LOG] [Fast Refresh] rebuilding @ http://localhost:3000/_next/static/chunks/01.s_next_dist_09bvr7k._.js:2431
[440180974ms] [LOG] [Fast Refresh] done in 108ms @ http://localhost:3000/_next/static/chunks/01.s_next_dist_09bvr7k._.js:2431
[440181173ms] [LOG] [Fast Refresh] rebuilding @ http://localhost:3000/_next/static/chunks/01.s_next_dist_09bvr7k._.js:2431
[440181223ms] [LOG] [Fast Refresh] done in 158ms @ http://localhost:3000/_next/static/chunks/01.s_next_dist_09bvr7k._.js:2431
[440181357ms] [LOG] [Fast Refresh] rebuilding @ http://localhost:3000/_next/static/chunks/01.s_next_dist_09bvr7k._.js:2431
[440181373ms] [LOG] [Fast Refresh] done in 116ms @ http://localhost:3000/_next/static/chunks/01.s_next_dist_09bvr7k._.js:2431
[440181505ms] [LOG] [Fast Refresh] rebuilding @ http://localhost:3000/_next/static/chunks/01.s_next_dist_09bvr7k._.js:2431
[440181513ms] [LOG] [Fast Refresh] done in 112ms @ http://localhost:3000/_next/static/chunks/01.s_next_dist_09bvr7k._.js:2431
[440181637ms] [LOG] [Fast Refresh] rebuilding @ http://localhost:3000/_next/static/chunks/01.s_next_dist_09bvr7k._.js:2431
[440181637ms] [LOG] [Fast Refresh] done in 104ms @ http://localhost:3000/_next/static/chunks/01.s_next_dist_09bvr7k._.js:2431
[440196629ms] [LOG] [Fast Refresh] rebuilding @ http://localhost:3000/_next/static/chunks/01.s_next_dist_09bvr7k._.js:2431
[440196677ms] [LOG] [Fast Refresh] done in 159ms @ http://localhost:3000/_next/static/chunks/01.s_next_dist_09bvr7k._.js:2431
[440208927ms] [LOG] [Fast Refresh] rebuilding @ http://localhost:3000/_next/static/chunks/01.s_next_dist_09bvr7k._.js:2431
[440213554ms] [LOG] [Fast Refresh] done in 4735ms @ http://localhost:3000/_next/static/chunks/01.s_next_dist_09bvr7k._.js:2431
[440213671ms] [LOG] [Fast Refresh] rebuilding @ http://localhost:3000/_next/static/chunks/01.s_next_dist_09bvr7k._.js:2431
[440213780ms] [LOG] [Fast Refresh] done in 215ms @ http://localhost:3000/_next/static/chunks/01.s_next_dist_09bvr7k._.js:2431
[440213905ms] [LOG] [Fast Refresh] rebuilding @ http://localhost:3000/_next/static/chunks/01.s_next_dist_09bvr7k._.js:2431
[440214098ms] [LOG] [Fast Refresh] done in 306ms @ http://localhost:3000/_next/static/chunks/01.s_next_dist_09bvr7k._.js:2431
[440214281ms] [LOG] [Fast Refresh] rebuilding @ http://localhost:3000/_next/static/chunks/01.s_next_dist_09bvr7k._.js:2431
[440214345ms] [LOG] [Fast Refresh] done in 166ms @ http://localhost:3000/_next/static/chunks/01.s_next_dist_09bvr7k._.js:2431
[440214448ms] [LOG] [Fast Refresh] rebuilding @ http://localhost:3000/_next/static/chunks/01.s_next_dist_09bvr7k._.js:2431
[440214449ms] [LOG] [Fast Refresh] done in 104ms @ http://localhost:3000/_next/static/chunks/01.s_next_dist_09bvr7k._.js:2431
[440225328ms] [LOG] [Fast Refresh] rebuilding @ http://localhost:3000/_next/static/chunks/01.s_next_dist_09bvr7k._.js:2431
[440229570ms] [LOG] [Fast Refresh] done in 4347ms @ http://localhost:3000/_next/static/chunks/01.s_next_dist_09bvr7k._.js:2431
[440229688ms] [LOG] [Fast Refresh] rebuilding @ http://localhost:3000/_next/static/chunks/01.s_next_dist_09bvr7k._.js:2431
[440229770ms] [LOG] [Fast Refresh] done in 190ms @ http://localhost:3000/_next/static/chunks/01.s_next_dist_09bvr7k._.js:2431
[440229883ms] [LOG] [Fast Refresh] rebuilding @ http://localhost:3000/_next/static/chunks/01.s_next_dist_09bvr7k._.js:2431
[440230013ms] [LOG] [Fast Refresh] done in 235ms @ http://localhost:3000/_next/static/chunks/01.s_next_dist_09bvr7k._.js:2431
[440230206ms] [LOG] [Fast Refresh] rebuilding @ http://localhost:3000/_next/static/chunks/01.s_next_dist_09bvr7k._.js:2431
[440230378ms] [LOG] [Fast Refresh] done in 274ms @ http://localhost:3000/_next/static/chunks/01.s_next_dist_09bvr7k._.js:2431
[440230872ms] [LOG] [Fast Refresh] rebuilding @ http://localhost:3000/_next/static/chunks/01.s_next_dist_09bvr7k._.js:2431
[440230875ms] [LOG] [Fast Refresh] done in 107ms @ http://localhost:3000/_next/static/chunks/01.s_next_dist_09bvr7k._.js:2431
[440241010ms] [LOG] [Fast Refresh] rebuilding @ http://localhost:3000/_next/static/chunks/01.s_next_dist_09bvr7k._.js:2431
[440245623ms] [LOG] [Fast Refresh] done in 4715ms @ http://localhost:3000/_next/static/chunks/01.s_next_dist_09bvr7k._.js:2431
[440245738ms] [LOG] [Fast Refresh] rebuilding @ http://localhost:3000/_next/static/chunks/01.s_next_dist_09bvr7k._.js:2431
[440245899ms] [LOG] [Fast Refresh] done in 267ms @ http://localhost:3000/_next/static/chunks/01.s_next_dist_09bvr7k._.js:2431
[440246005ms] [LOG] [Fast Refresh] rebuilding @ http://localhost:3000/_next/static/chunks/01.s_next_dist_09bvr7k._.js:2431
[440246241ms] [LOG] [Fast Refresh] done in 338ms @ http://localhost:3000/_next/static/chunks/01.s_next_dist_09bvr7k._.js:2431
[440246405ms] [LOG] [Fast Refresh] rebuilding @ http://localhost:3000/_next/static/chunks/01.s_next_dist_09bvr7k._.js:2431
[440246497ms] [LOG] [Fast Refresh] done in 199ms @ http://localhost:3000/_next/static/chunks/01.s_next_dist_09bvr7k._.js:2431
[440246611ms] [LOG] [Fast Refresh] rebuilding @ http://localhost:3000/_next/static/chunks/01.s_next_dist_09bvr7k._.js:2431
[440246652ms] [LOG] [Fast Refresh] done in 145ms @ http://localhost:3000/_next/static/chunks/01.s_next_dist_09bvr7k._.js:2431
[440246788ms] [LOG] [Fast Refresh] rebuilding @ http://localhost:3000/_next/static/chunks/01.s_next_dist_09bvr7k._.js:2431
[440246814ms] [LOG] [Fast Refresh] done in 130ms @ http://localhost:3000/_next/static/chunks/01.s_next_dist_09bvr7k._.js:2431
[440246953ms] [LOG] [Fast Refresh] rebuilding @ http://localhost:3000/_next/static/chunks/01.s_next_dist_09bvr7k._.js:2431
[440246960ms] [LOG] [Fast Refresh] done in 111ms @ http://localhost:3000/_next/static/chunks/01.s_next_dist_09bvr7k._.js:2431
[443356283ms] [ERROR] WebSocket connection to 'ws://localhost:3000/_next/webpack-hmr?id=gq5AFAedqkXHpP10HEu9-' failed: Error in connection establishment: net::ERR_CONNECTION_REFUSED @ http://localhost:3000/_next/static/chunks/01.s_next_dist_client_0kff.~a._.js:13299
[443359659ms] [ERROR] WebSocket connection to 'ws://localhost:3000/_next/webpack-hmr?id=gq5AFAedqkXHpP10HEu9-' failed: Error in connection establishment: net::ERR_CONNECTION_REFUSED @ http://localhost:3000/_next/static/chunks/01.s_next_dist_client_0kff.~a._.js:13299
[443363038ms] [ERROR] WebSocket connection to 'ws://localhost:3000/_next/webpack-hmr?id=gq5AFAedqkXHpP10HEu9-' failed: Error in connection establishment: net::ERR_CONNECTION_REFUSED @ http://localhost:3000/_next/static/chunks/01.s_next_dist_client_0kff.~a._.js:13299
[443369870ms] [LOG] [HMR] connected @ http://localhost:3000/_next/static/chunks/01.s_next_dist_09bvr7k._.js:2431
[443373236ms] [INFO] %cDownload the React DevTools for a better development experience: https://react.dev/link/react-devtools font-weight:bold @ http://localhost:3000/_next/static/chunks/01.s_next_dist_09bvr7k._.js:2431
[443373308ms] [LOG] [HMR] connected @ http://localhost:3000/_next/static/chunks/01.s_next_dist_09bvr7k._.js:2431
[443373461ms] [LOG] [Fast Refresh] rebuilding @ http://localhost:3000/_next/static/chunks/01.s_next_dist_09bvr7k._.js:2431
[443373735ms] [LOG] [Fast Refresh] done in 380ms @ http://localhost:3000/_next/static/chunks/01.s_next_dist_09bvr7k._.js:2431
[443376972ms] [LOG] [Fast Refresh] rebuilding @ http://localhost:3000/_next/static/chunks/01.s_next_dist_09bvr7k._.js:2431
[443376975ms] [LOG] [Fast Refresh] done in 120ms @ http://localhost:3000/_next/static/chunks/01.s_next_dist_09bvr7k._.js:2431
[443377110ms] [LOG] [Fast Refresh] rebuilding @ http://localhost:3000/_next/static/chunks/01.s_next_dist_09bvr7k._.js:2431
[443377173ms] [LOG] [Fast Refresh] done in 175ms @ http://localhost:3000/_next/static/chunks/01.s_next_dist_09bvr7k._.js:2431
[443378994ms] [LOG] [Fast Refresh] rebuilding @ http://localhost:3000/_next/static/chunks/01.s_next_dist_09bvr7k._.js:2431
[443378998ms] [LOG] [Fast Refresh] done in 114ms @ http://localhost:3000/_next/static/chunks/01.s_next_dist_09bvr7k._.js:2431
[443402303ms] [LOG] [Fast Refresh] rebuilding @ http://localhost:3000/_next/static/chunks/01.s_next_dist_09bvr7k._.js:2431
[443402353ms] [LOG] [Fast Refresh] done in 155ms @ http://localhost:3000/_next/static/chunks/01.s_next_dist_09bvr7k._.js:2431
[444289156ms] [LOG] [Fast Refresh] rebuilding @ http://localhost:3000/_next/static/chunks/01.s_next_dist_09bvr7k._.js:2431
[444289450ms] [LOG] [Fast Refresh] done in 399ms @ http://localhost:3000/_next/static/chunks/01.s_next_dist_09bvr7k._.js:2431
[444291461ms] [LOG] [Fast Refresh] rebuilding @ http://localhost:3000/_next/static/chunks/01.s_next_dist_09bvr7k._.js:2431
[444291530ms] [LOG] [Fast Refresh] done in 172ms @ http://localhost:3000/_next/static/chunks/01.s_next_dist_09bvr7k._.js:2431
[444291997ms] [LOG] [Fast Refresh] rebuilding @ http://localhost:3000/_next/static/chunks/01.s_next_dist_09bvr7k._.js:2431
[444292024ms] [LOG] [Fast Refresh] done in 131ms @ http://localhost:3000/_next/static/chunks/01.s_next_dist_09bvr7k._.js:2431
[444293260ms] [LOG] [Fast Refresh] rebuilding @ http://localhost:3000/_next/static/chunks/01.s_next_dist_09bvr7k._.js:2431
[444293312ms] [LOG] [Fast Refresh] done in 157ms @ http://localhost:3000/_next/static/chunks/01.s_next_dist_09bvr7k._.js:2431
[444297859ms] [LOG] [Fast Refresh] rebuilding @ http://localhost:3000/_next/static/chunks/01.s_next_dist_09bvr7k._.js:2431
[444298062ms] [LOG] [Fast Refresh] done in 315ms @ http://localhost:3000/_next/static/chunks/01.s_next_dist_09bvr7k._.js:2431
[444483382ms] [LOG] [Fast Refresh] rebuilding @ http://localhost:3000/_next/static/chunks/01.s_next_dist_09bvr7k._.js:2431
[444488520ms] [LOG] [Fast Refresh] done in 1841ms @ http://localhost:3000/_next/static/chunks/01.s_next_dist_09bvr7k._.js:2431
[444489511ms] [LOG] [Fast Refresh] rebuilding @ http://localhost:3000/_next/static/chunks/01.s_next_dist_09bvr7k._.js:2431
[444489712ms] [LOG] [Fast Refresh] done in 306ms @ http://localhost:3000/_next/static/chunks/01.s_next_dist_09bvr7k._.js:2431
[444489926ms] [LOG] [Fast Refresh] rebuilding @ http://localhost:3000/_next/static/chunks/01.s_next_dist_09bvr7k._.js:2431
[444489988ms] [LOG] [Fast Refresh] done in 165ms @ http://localhost:3000/_next/static/chunks/01.s_next_dist_09bvr7k._.js:2431
[444490284ms] [LOG] [Fast Refresh] rebuilding @ http://localhost:3000/_next/static/chunks/01.s_next_dist_09bvr7k._.js:2431
[444490319ms] [LOG] [Fast Refresh] done in 141ms @ http://localhost:3000/_next/static/chunks/01.s_next_dist_09bvr7k._.js:2431
[444490422ms] [LOG] [Fast Refresh] rebuilding @ http://localhost:3000/_next/static/chunks/01.s_next_dist_09bvr7k._.js:2431
[444490634ms] [LOG] [Fast Refresh] done in 313ms @ http://localhost:3000/_next/static/chunks/01.s_next_dist_09bvr7k._.js:2431
[444490893ms] [LOG] [Fast Refresh] rebuilding @ http://localhost:3000/_next/static/chunks/01.s_next_dist_09bvr7k._.js:2431
[444490916ms] [LOG] [Fast Refresh] done in 127ms @ http://localhost:3000/_next/static/chunks/01.s_next_dist_09bvr7k._.js:2431
[444491033ms] [LOG] [Fast Refresh] rebuilding @ http://localhost:3000/_next/static/chunks/01.s_next_dist_09bvr7k._.js:2431
[444491035ms] [LOG] [Fast Refresh] done in 107ms @ http://localhost:3000/_next/static/chunks/01.s_next_dist_09bvr7k._.js:2431
[444491143ms] [LOG] [Fast Refresh] rebuilding @ http://localhost:3000/_next/static/chunks/01.s_next_dist_09bvr7k._.js:2431
[444491250ms] [LOG] [Fast Refresh] done in 209ms @ http://localhost:3000/_next/static/chunks/01.s_next_dist_09bvr7k._.js:2431
[444491661ms] [LOG] [Fast Refresh] rebuilding @ http://localhost:3000/_next/static/chunks/01.s_next_dist_09bvr7k._.js:2431
[444491694ms] [LOG] [Fast Refresh] done in 140ms @ http://localhost:3000/_next/static/chunks/01.s_next_dist_09bvr7k._.js:2431
[444492060ms] [LOG] [Fast Refresh] rebuilding @ http://localhost:3000/_next/static/chunks/01.s_next_dist_09bvr7k._.js:2431
[444492085ms] [LOG] [Fast Refresh] done in 138ms @ http://localhost:3000/_next/static/chunks/01.s_next_dist_09bvr7k._.js:2431
[444492660ms] [LOG] [Fast Refresh] rebuilding @ http://localhost:3000/_next/static/chunks/01.s_next_dist_09bvr7k._.js:2431
[444492733ms] [LOG] [Fast Refresh] done in 176ms @ http://localhost:3000/_next/static/chunks/01.s_next_dist_09bvr7k._.js:2431
[444492905ms] [LOG] [Fast Refresh] rebuilding @ http://localhost:3000/_next/static/chunks/01.s_next_dist_09bvr7k._.js:2431
[444492983ms] [LOG] [Fast Refresh] done in 183ms @ http://localhost:3000/_next/static/chunks/01.s_next_dist_09bvr7k._.js:2431
[444493321ms] [LOG] [Fast Refresh] rebuilding @ http://localhost:3000/_next/static/chunks/01.s_next_dist_09bvr7k._.js:2431
[444493351ms] [LOG] [Fast Refresh] done in 134ms @ http://localhost:3000/_next/static/chunks/01.s_next_dist_09bvr7k._.js:2431
[444493593ms] [LOG] [Fast Refresh] rebuilding @ http://localhost:3000/_next/static/chunks/01.s_next_dist_09bvr7k._.js:2431
[444493641ms] [LOG] [Fast Refresh] done in 151ms @ http://localhost:3000/_next/static/chunks/01.s_next_dist_09bvr7k._.js:2431
[444493764ms] [LOG] [Fast Refresh] rebuilding @ http://localhost:3000/_next/static/chunks/01.s_next_dist_09bvr7k._.js:2431
[444493784ms] [LOG] [Fast Refresh] done in 122ms @ http://localhost:3000/_next/static/chunks/01.s_next_dist_09bvr7k._.js:2431
[444493886ms] [LOG] [Fast Refresh] rebuilding @ http://localhost:3000/_next/static/chunks/01.s_next_dist_09bvr7k._.js:2431
[444493919ms] [LOG] [Fast Refresh] done in 133ms @ http://localhost:3000/_next/static/chunks/01.s_next_dist_09bvr7k._.js:2431
[444494024ms] [LOG] [Fast Refresh] rebuilding @ http://localhost:3000/_next/static/chunks/01.s_next_dist_09bvr7k._.js:2431
[444494055ms] [LOG] [Fast Refresh] done in 135ms @ http://localhost:3000/_next/static/chunks/01.s_next_dist_09bvr7k._.js:2431
[444494194ms] [LOG] [Fast Refresh] rebuilding @ http://localhost:3000/_next/static/chunks/01.s_next_dist_09bvr7k._.js:2431
[444494238ms] [LOG] [Fast Refresh] done in 145ms @ http://localhost:3000/_next/static/chunks/01.s_next_dist_09bvr7k._.js:2431
[444494471ms] [LOG] [Fast Refresh] rebuilding @ http://localhost:3000/_next/static/chunks/01.s_next_dist_09bvr7k._.js:2431
[444494591ms] [LOG] [Fast Refresh] done in 220ms @ http://localhost:3000/_next/static/chunks/01.s_next_dist_09bvr7k._.js:2431
[444494927ms] [LOG] [Fast Refresh] rebuilding @ http://localhost:3000/_next/static/chunks/01.s_next_dist_09bvr7k._.js:2431
[444495089ms] [LOG] [Fast Refresh] done in 264ms @ http://localhost:3000/_next/static/chunks/01.s_next_dist_09bvr7k._.js:2431
[444495227ms] [LOG] [Fast Refresh] rebuilding @ http://localhost:3000/_next/static/chunks/01.s_next_dist_09bvr7k._.js:2431
[444495353ms] [LOG] [Fast Refresh] done in 228ms @ http://localhost:3000/_next/static/chunks/01.s_next_dist_09bvr7k._.js:2431
[444495659ms] [LOG] [Fast Refresh] rebuilding @ http://localhost:3000/_next/static/chunks/01.s_next_dist_09bvr7k._.js:2431
[444495687ms] [LOG] [Fast Refresh] done in 130ms @ http://localhost:3000/_next/static/chunks/01.s_next_dist_09bvr7k._.js:2431
[444495943ms] [LOG] [Fast Refresh] rebuilding @ http://localhost:3000/_next/static/chunks/01.s_next_dist_09bvr7k._.js:2431
[444496070ms] [LOG] [Fast Refresh] done in 229ms @ http://localhost:3000/_next/static/chunks/01.s_next_dist_09bvr7k._.js:2431
[444496176ms] [LOG] [Fast Refresh] rebuilding @ http://localhost:3000/_next/static/chunks/01.s_next_dist_09bvr7k._.js:2431
[444496282ms] [LOG] [Fast Refresh] done in 211ms @ http://localhost:3000/_next/static/chunks/01.s_next_dist_09bvr7k._.js:2431
[444496593ms] [LOG] [Fast Refresh] rebuilding @ http://localhost:3000/_next/static/chunks/01.s_next_dist_09bvr7k._.js:2431
[444496731ms] [LOG] [Fast Refresh] done in 247ms @ http://localhost:3000/_next/static/chunks/01.s_next_dist_09bvr7k._.js:2431
[444497226ms] [LOG] [Fast Refresh] rebuilding @ http://localhost:3000/_next/static/chunks/01.s_next_dist_09bvr7k._.js:2431
[444497311ms] [LOG] [Fast Refresh] done in 187ms @ http://localhost:3000/_next/static/chunks/01.s_next_dist_09bvr7k._.js:2431
[444497427ms] [LOG] [Fast Refresh] rebuilding @ http://localhost:3000/_next/static/chunks/01.s_next_dist_09bvr7k._.js:2431
[444497546ms] [LOG] [Fast Refresh] done in 234ms @ http://localhost:3000/_next/static/chunks/01.s_next_dist_09bvr7k._.js:2431
[444497759ms] [LOG] [Fast Refresh] rebuilding @ http://localhost:3000/_next/static/chunks/01.s_next_dist_09bvr7k._.js:2431
[444497824ms] [LOG] [Fast Refresh] done in 171ms @ http://localhost:3000/_next/static/chunks/01.s_next_dist_09bvr7k._.js:2431
[444498056ms] [LOG] [Fast Refresh] rebuilding @ http://localhost:3000/_next/static/chunks/01.s_next_dist_09bvr7k._.js:2431
[444498140ms] [LOG] [Fast Refresh] done in 183ms @ http://localhost:3000/_next/static/chunks/01.s_next_dist_09bvr7k._.js:2431
[444498241ms] [LOG] [Fast Refresh] rebuilding @ http://localhost:3000/_next/static/chunks/01.s_next_dist_09bvr7k._.js:2431
[444498247ms] [LOG] [Fast Refresh] done in 107ms @ http://localhost:3000/_next/static/chunks/01.s_next_dist_09bvr7k._.js:2431
[444498376ms] [LOG] [Fast Refresh] rebuilding @ http://localhost:3000/_next/static/chunks/01.s_next_dist_09bvr7k._.js:2431
[444498437ms] [LOG] [Fast Refresh] done in 164ms @ http://localhost:3000/_next/static/chunks/01.s_next_dist_09bvr7k._.js:2431
[444498576ms] [LOG] [Fast Refresh] rebuilding @ http://localhost:3000/_next/static/chunks/01.s_next_dist_09bvr7k._.js:2431
[444498669ms] [LOG] [Fast Refresh] done in 197ms @ http://localhost:3000/_next/static/chunks/01.s_next_dist_09bvr7k._.js:2431
[444499041ms] [LOG] [Fast Refresh] rebuilding @ http://localhost:3000/_next/static/chunks/01.s_next_dist_09bvr7k._.js:2431
[444499051ms] [LOG] [Fast Refresh] done in 110ms @ http://localhost:3000/_next/static/chunks/01.s_next_dist_09bvr7k._.js:2431
[444499738ms] [LOG] [Fast Refresh] rebuilding @ http://localhost:3000/_next/static/chunks/01.s_next_dist_09bvr7k._.js:2431
[444499764ms] [LOG] [Fast Refresh] done in 130ms @ http://localhost:3000/_next/static/chunks/01.s_next_dist_09bvr7k._.js:2431
[444500459ms] [LOG] [Fast Refresh] rebuilding @ http://localhost:3000/_next/static/chunks/01.s_next_dist_09bvr7k._.js:2431
[444500471ms] [LOG] [Fast Refresh] done in 123ms @ http://localhost:3000/_next/static/chunks/01.s_next_dist_09bvr7k._.js:2431
[444500874ms] [LOG] [Fast Refresh] rebuilding @ http://localhost:3000/_next/static/chunks/01.s_next_dist_09bvr7k._.js:2431
[444500876ms] [LOG] [Fast Refresh] done in 104ms @ http://localhost:3000/_next/static/chunks/01.s_next_dist_09bvr7k._.js:2431
[444502826ms] [LOG] [Fast Refresh] rebuilding @ http://localhost:3000/_next/static/chunks/01.s_next_dist_09bvr7k._.js:2431
[444502897ms] [LOG] [Fast Refresh] done in 176ms @ http://localhost:3000/_next/static/chunks/01.s_next_dist_09bvr7k._.js:2431
[444503309ms] [LOG] [Fast Refresh] rebuilding @ http://localhost:3000/_next/static/chunks/01.s_next_dist_09bvr7k._.js:2431
[444503327ms] [LOG] [Fast Refresh] done in 128ms @ http://localhost:3000/_next/static/chunks/01.s_next_dist_09bvr7k._.js:2431
[444503443ms] [LOG] [Fast Refresh] rebuilding @ http://localhost:3000/_next/static/chunks/01.s_next_dist_09bvr7k._.js:2431
[444503627ms] [LOG] [Fast Refresh] done in 292ms @ http://localhost:3000/_next/static/chunks/01.s_next_dist_09bvr7k._.js:2431
[444503858ms] [LOG] [Fast Refresh] rebuilding @ http://localhost:3000/_next/static/chunks/01.s_next_dist_09bvr7k._.js:2431
[444503923ms] [LOG] [Fast Refresh] done in 175ms @ http://localhost:3000/_next/static/chunks/01.s_next_dist_09bvr7k._.js:2431
[444522329ms] [LOG] [Fast Refresh] rebuilding @ http://localhost:3000/_next/static/chunks/01.s_next_dist_09bvr7k._.js:2431
[444524685ms] [LOG] [Fast Refresh] done in 2468ms @ http://localhost:3000/_next/static/chunks/01.s_next_dist_09bvr7k._.js:2431
[444547745ms] [LOG] [Fast Refresh] rebuilding @ http://localhost:3000/_next/static/chunks/01.s_next_dist_09bvr7k._.js:2431
[444547779ms] [LOG] [Fast Refresh] done in 147ms @ http://localhost:3000/_next/static/chunks/01.s_next_dist_09bvr7k._.js:2431
[446993789ms] [LOG] [Fast Refresh] rebuilding @ http://localhost:3000/_next/static/chunks/01.s_next_dist_09bvr7k._.js:2431
[446994315ms] [LOG] [Fast Refresh] done in 627ms @ http://localhost:3000/_next/static/chunks/01.s_next_dist_09bvr7k._.js:2431
[446995210ms] [LOG] [Fast Refresh] rebuilding @ http://localhost:3000/_next/static/chunks/01.s_next_dist_09bvr7k._.js:2431
[446995279ms] [LOG] [Fast Refresh] done in 172ms @ http://localhost:3000/_next/static/chunks/01.s_next_dist_09bvr7k._.js:2431
[446996534ms] [LOG] [Fast Refresh] rebuilding @ http://localhost:3000/_next/static/chunks/01.s_next_dist_09bvr7k._.js:2431
[446996567ms] [LOG] [Fast Refresh] done in 135ms @ http://localhost:3000/_next/static/chunks/01.s_next_dist_09bvr7k._.js:2431
[446996937ms] [LOG] [Fast Refresh] rebuilding @ http://localhost:3000/_next/static/chunks/01.s_next_dist_09bvr7k._.js:2431
[446997145ms] [LOG] [Fast Refresh] done in 320ms @ http://localhost:3000/_next/static/chunks/01.s_next_dist_09bvr7k._.js:2431
[447008569ms] [LOG] [Fast Refresh] rebuilding @ http://localhost:3000/_next/static/chunks/01.s_next_dist_09bvr7k._.js:2431
[447008640ms] [LOG] [Fast Refresh] done in 176ms @ http://localhost:3000/_next/static/chunks/01.s_next_dist_09bvr7k._.js:2431
[448405435ms] [ERROR] WebSocket connection to 'ws://localhost:3000/_next/webpack-hmr?id=6CE1hlQLpZU4tKd-xN-nL' failed: Error in connection establishment: net::ERR_CONNECTION_REFUSED @ http://localhost:3000/_next/static/chunks/01.s_next_dist_client_0kff.~a._.js:13299
[448412793ms] [ERROR] WebSocket connection to 'ws://localhost:3000/_next/webpack-hmr?id=6CE1hlQLpZU4tKd-xN-nL' failed: Error in connection establishment: net::ERR_CONNECTION_REFUSED @ http://localhost:3000/_next/static/chunks/01.s_next_dist_client_0kff.~a._.js:13299
[448420177ms] [ERROR] WebSocket connection to 'ws://localhost:3000/_next/webpack-hmr?id=6CE1hlQLpZU4tKd-xN-nL' failed: Error in connection establishment: net::ERR_CONNECTION_REFUSED @ http://localhost:3000/_next/static/chunks/01.s_next_dist_client_0kff.~a._.js:13299
[448427552ms] [ERROR] WebSocket connection to 'ws://localhost:3000/_next/webpack-hmr?id=6CE1hlQLpZU4tKd-xN-nL' failed: Error in connection establishment: net::ERR_CONNECTION_REFUSED @ http://localhost:3000/_next/static/chunks/01.s_next_dist_client_0kff.~a._.js:13299
[448434928ms] [ERROR] WebSocket connection to 'ws://localhost:3000/_next/webpack-hmr?id=6CE1hlQLpZU4tKd-xN-nL' failed: Error in connection establishment: net::ERR_CONNECTION_REFUSED @ http://localhost:3000/_next/static/chunks/01.s_next_dist_client_0kff.~a._.js:13299
[448442333ms] [ERROR] WebSocket connection to 'ws://localhost:3000/_next/webpack-hmr?id=6CE1hlQLpZU4tKd-xN-nL' failed: Error in connection establishment: net::ERR_CONNECTION_REFUSED @ http://localhost:3000/_next/static/chunks/01.s_next_dist_client_0kff.~a._.js:13299
[448449747ms] [ERROR] WebSocket connection to 'ws://localhost:3000/_next/webpack-hmr?id=6CE1hlQLpZU4tKd-xN-nL' failed: Error in connection establishment: net::ERR_CONNECTION_REFUSED @ http://localhost:3000/_next/static/chunks/01.s_next_dist_client_0kff.~a._.js:13299
